start_ip,end_ip,join_key,name,country,mcc,mnc
186.18.32.0,186.18.35.255,186.18.0.0,Movistar,AR,722,10
139.207.0.0,139.207.255.255,139.207.0.0,China Telecom,CN,460,11
154.148.34.0,154.148.34.255,154.148.0.0,IAM,MA,604,1
62.183.148.0,62.183.148.255,62.183.0.0,DNA,FI,244,12
91.251.73.0,91.251.73.255,91.251.0.0,Mobile Communication Company of Iran PLC,IR,432,11
105.32.99.0,105.32.99.255,105.32.0.0,Orange,EG,602,1
126.158.178.0,126.158.178.255,126.158.0.0,SoftBank,JP,441,1
86.124.20.0,86.124.20.255,86.124.0.0,Digi Romania,RO,226,05
131.226.64.0,131.226.67.255,131.226.0.0,Dito Telecommunity Corp.,PH,515,66
88.250.206.0,88.250.206.255,88.250.0.0,Vodafone,TR,286,2
2601:152:600::,2601:152:600:ffff:ffff:ffff:ffff:ffff,2601:152::,T-Mobile,US,310,53
95.147.108.0,95.147.108.255,95.147.0.0,EE High Speed Internet,GB,234,30
2800:370:f8::,2800:370:f8:ffff:ffff:ffff:ffff:ffff,2800:370::,Claro,EC,740,1
86.184.111.0,86.184.111.255,86.184.0.0,BT,GB,234,76
2607:fc20:e070::,2607:fc20:e070:ffff:ffff:ffff:ffff:ffff,2607:fc20:c000::,T-Mobile,US,310,160
154.132.245.0,154.132.246.255,154.132.0.0,Mobinil,EG,602,1
2607:fb90:136d::,2607:fb90:136d:ffff:ffff:ffff:ffff:ffff,2607:fb90::,T-Mobile,US,310,53
154.136.121.0,154.136.121.255,154.136.0.0,Orange,EG,602,1
105.33.163.0,105.33.164.255,105.33.0.0,Orange,EG,602,1
195.89.232.0,195.89.232.255,195.89.0.0,Vodafone Limited,GB,234,15
171.98.81.0,171.98.81.255,171.98.0.0,True Online,TH,520,04
2402:8100:2395::,2402:8100:2395:ffff:ffff:ffff:ffff:ffff,2402:8100::,Vodafone Idea,IN,404,01
2401:4900:301c::,2401:4900:301d:ffff:ffff:ffff:ffff:ffff,2401:4900::,AirTel,IN,404,2
46.223.162.0,46.223.162.255,46.223.0.0,Vodafone Germany,DE,262,02
105.135.18.0,105.135.32.255,105.135.0.0,IAM,MA,604,1
112.215.229.0,112.215.229.255,112.215.0.0,XL,ID,510,11
2401:4900:3590::,2401:4900:35a4:ffff:ffff:ffff:ffff:ffff,2401:4900::,AirTel,IN,404,2
154.131.46.0,154.131.46.255,154.131.0.0,Orange,EG,602,1
95.74.67.0,95.74.75.255,95.74.0.0,Telecom Italia Mobile,IT,220,01
2a02:c7f:5a55::,2a02:c7f:5a55:ffff:ffff:ffff:ffff:ffff,2a02:c7f:4000::,Sky Broadband,GB,234,57
31.77.61.0,31.77.61.255,31.77.0.0,EE,GB,235,1
2a00:20:201e::,2a00:20:201e:ffff:ffff:ffff:ffff:ffff,2a00:20::,Vodafone GmbH,HU,216,70
81.132.89.0,81.132.89.255,81.132.0.0,BT,GB,234,76
2409:4055:41a::,2409:4055:41a:ffff:ffff:ffff:ffff:ffff,2409:4055::,Jio,IN,405,840
126.253.173.0,126.253.174.255,126.253.0.0,SoftBank Mobile Corp,JP,441,1
83.199.76.0,83.199.76.255,83.199.0.0,Orange,FR,208,1
171.51.132.0,171.51.132.255,171.51.0.0,AirTel,IN,404,2
2600:380:5f75::,2600:380:5f76:ffff:ffff:ffff:ffff:ffff,2600:380:4000::,AT&T,US,310,16
154.111.77.0,154.111.78.255,154.111.0.0,OOREDOO TN,TN,605,3
151.135.251.0,151.135.255.255,151.135.0.0,Avea,TR,286,4
147.147.231.0,147.147.231.255,147.147.0.0,Plusnet,GB,234,00
2409:4070:460b::,2409:4070:460b:ffff:ffff:ffff:ffff:ffff,2409:4070:4000::,Jio,IN,405,840
31.215.146.0,31.215.146.255,31.215.0.0,Etisalat,AE,424,2
2a00:23c6:f447::,2a00:23c6:f447:ffff:ffff:ffff:ffff:ffff,2a00:23c6:c000::,BT,GB,234,76
105.45.119.0,105.45.120.255,105.45.0.0,Mobinil,EG,602,1
133.106.136.0,133.106.136.255,133.106.0.0,NTT Docomo,JP,440,10
80.12.83.0,80.12.83.255,80.12.0.0,SFR,FR,208,8
105.129.8.0,105.129.8.255,105.129.0.0,IAM,MA,604,1
102.9.177.0,102.9.177.255,102.9.0.0,Vodafone,EG,602,2
45.107.36.0,45.107.36.255,45.107.0.0,Mobinil,EG,602,1
5.119.0.0,5.119.17.255,5.119.0.0,MTN Irancell,IR,432,35
90.249.189.0,90.249.189.255,90.249.0.0,Vodafone UK,GB,234,7
146.251.152.0,146.251.157.255,146.251.0.0,Mobily,SA,420,3
151.37.32.0,151.37.38.255,151.37.0.0,Wind,IT,222,88
188.131.36.0,188.131.37.255,188.131.0.0,Orange,MD,259,1
5.122.55.0,5.122.55.255,5.122.0.0,Iran Cell Service and Communication Company,IR,432,35
105.153.82.0,105.153.82.255,105.153.0.0,IAM,MA,604,1
154.109.141.0,154.109.141.255,154.109.0.0,OOREDOO TN,TN,605,3
196.80.150.0,196.80.150.255,196.80.0.0,Wana%20Corporate,MA,604,2
84.71.118.0,84.71.118.255,84.71.0.0,Vodafone UK,GB,234,7
182.1.160.0,182.1.164.255,182.1.0.0,Telkomsel,ID,510,10
5.47.128.0,5.47.128.255,5.47.0.0,Turk Telekom,TR,286,3
178.98.5.0,178.98.5.255,178.98.0.0,EE,GB,235,1
240a:18:4830::,240a:18:4832:ffff:ffff:ffff:ffff:ffff,240a:18:4000::,NTT docomo,JP,440,10
78.95.20.0,78.95.20.255,78.95.0.0,Al Jawal (STC ),SA,420,1
2804:2904:10e::,2804:2904:10e:ffff:ffff:ffff:ffff:ffff,2804:2904::,Claro,BR,724,5
154.142.15.0,154.142.15.255,154.142.0.0,Mobinil,EG,602,1
171.77.148.0,171.77.151.255,171.77.0.0,AirTel,IN,404,70
110.225.49.0,110.225.49.255,110.225.0.0,AirTel,IN,404,2
2804:29b8:5119::,2804:29b8:5119:ffff:ffff:ffff:ffff:ffff,2804:29b8:4000::,Oi,BR,724,30
81.174.218.0,81.174.218.255,81.174.0.0,Plusnet,GB,234,00
2806:370:e500::,2806:370:e52f:ffff:ffff:ffff:ffff:ffff,2806:370:c000::,Telcel,MX,334,20
201.230.248.0,201.230.248.255,201.230.0.0,Claro,PE,716,10
106.78.51.0,106.78.51.255,106.78.0.0,Idea Cellular,IN,404,4
154.188.241.0,154.188.242.255,154.188.0.0,Etisalat,EG,602,3
157.42.132.0,157.42.134.255,157.42.0.0,Jio,IN,405,840
2409:4072:491::,2409:4072:493:ffff:ffff:ffff:ffff:ffff,2409:4072::,Jio,IN,405,840
2600:100f:1152::,2600:100f:1154:ffff:ffff:ffff:ffff:ffff,2600:100f::,Verizon,US,310,4
201.130.58.0,201.130.61.255,201.130.0.0,AT&T / Unefon,MX,334,50
187.189.165.0,187.189.166.255,187.189.0.0,Telcel,MX,334,20
2607:fb90:e848::,2607:fb90:e849:ffff:ffff:ffff:ffff:ffff,2607:fb90:c000::,T-Mobile,US,310,160
2607:fb90:f334::,2607:fb90:f334:ffff:ffff:ffff:ffff:ffff,2607:fb90:c000::,T-Mobile,US,310,160
2409:4061:2002::,2409:4061:2002:ffff:ffff:ffff:ffff:ffff,2409:4061::,Jio,IN,405,840
197.223.173.0,197.223.175.255,197.223.0.0,Mobinil,EG,602,1
2803:d100:1000::,2803:d100:1000:ffff:ffff:ffff:ffff:ffff,2803:d100::,Tigo,GT,704,2
154.151.3.0,154.151.3.255,154.151.0.0,IAM,MA,604,1
2a00:23c4:9a00::,2a00:23c4:9a00:ffff:ffff:ffff:ffff:ffff,2a00:23c4:8000::,BT,GB,234,76
109.156.201.0,109.156.201.255,109.156.0.0,BT,GB,234,76
188.222.93.0,188.222.94.255,188.222.0.0,Sky Broadband,GB,234,57
126.255.70.0,126.255.70.255,126.255.0.0,SoftBank,JP,440,20
105.34.124.0,105.34.124.255,105.34.0.0,Mobinil,EG,602,1
2a00:1fa1:8652::,2a00:1fa1:8653:ffff:ffff:ffff:ffff:ffff,2a00:1fa1:8000::,MTS,RU,250,1
183.182.120.0,183.182.120.255,183.182.0.0,Unitel,LA,457,3
2a02:c7f:8f31::,2a02:c7f:8f31:ffff:ffff:ffff:ffff:ffff,2a02:c7f:8000::,Sky Broadband,GB,234,57
124.122.42.0,124.122.43.255,124.122.0.0,AIS,TH,520,1
201.240.116.0,201.240.116.255,201.240.0.0,Claro,PE,716,10
5.114.161.0,5.114.161.255,5.114.0.0,Iran Cell Service and Communication Company,IR,432,35
105.192.238.0,105.192.238.255,105.192.0.0,Orange,EG,602,1
113.203.114.0,113.203.115.255,113.203.0.0,IR-TCI (Hamrah-e-Avval),IR,432,11
160.170.220.0,160.170.220.255,160.170.0.0,IAM,MA,604,1
2a00:1fa1:c2e2::,2a00:1fa1:c2e2:ffff:ffff:ffff:ffff:ffff,2a00:1fa1:c000::,MTS PJSC,RU,251,01
2607:fb90:5020::,2607:fb90:5021:ffff:ffff:ffff:ffff:ffff,2607:fb90:4000::,T-Mobile,US,310,53
2409:4060:419::,2409:4060:41a:ffff:ffff:ffff:ffff:ffff,2409:4060::,Jio,IN,405,840
105.89.229.0,105.89.242.255,105.89.0.0,Etisalat,EG,602,3
2a01:cb01:3035::,2a01:cb01:3035:ffff:ffff:ffff:ffff:ffff,2a01:cb01::,Orange,FR,208,1
2607:fb90:7a5c::,2607:fb90:7a5d:ffff:ffff:ffff:ffff:ffff,2607:fb90:4000::,T-Mobile,US,310,160
5.114.97.0,5.114.97.255,5.114.0.0,Iran Cell Service and Communication Company,IR,432,35
46.51.13.0,46.51.14.255,46.51.0.0,Mobile Communication Company of Iran PLC,IR,432,11
95.150.93.0,95.150.93.255,95.150.0.0,EE,GB,235,1
178.106.131.0,178.106.134.255,178.106.0.0,T-Mobile UK,GB,234,30
114.76.122.0,114.76.122.255,114.76.0.0,Optus,AU,505,2
196.87.223.0,196.87.223.255,196.87.0.0,IAM,MA,604,1
2a00:23c6:b717::,2a00:23c6:b717:ffff:ffff:ffff:ffff:ffff,2a00:23c6:8000::,BT,GB,234,76
2001:16a2:f8a3::,2001:16a2:f8a3:ffff:ffff:ffff:ffff:ffff,2001:16a2:c000::,Zain SA,SA,420,4
2405:204:a684::,2405:204:a685:ffff:ffff:ffff:ffff:ffff,2405:204:8000::,Jio,IN,405,840
2405:201:a803::,2405:201:a803:ffff:ffff:ffff:ffff:ffff,2405:201:8000::,AirTel,IN,404,2
5.168.113.0,5.168.113.255,5.168.0.0,Telecom Italia Mobile,IT,220,01
2600:381:27::,2600:381:27:ffff:ffff:ffff:ffff:ffff,2600:381::,AT&T,US,310,16
105.47.8.0,105.47.8.255,105.47.0.0,Vodafone,EG,602,2
5.52.66.0,5.52.67.255,5.52.0.0,Mobile Communication Company of Iran PLC,IR,432,11
190.238.29.0,190.238.29.255,190.238.0.0,Claro,PE,716,10
5.123.204.0,5.123.211.255,5.123.0.0,MTN Irancell,IR,432,35
86.83.95.0,86.83.95.255,86.83.0.0,KPN,NL,204,8
105.183.55.0,105.183.55.255,105.183.0.0,Mobinil,EG,602,1
2409:4056:18e::,2409:4056:18e:ffff:ffff:ffff:ffff:ffff,2409:4056::,Jio,IN,405,840
45.232.92.0,45.232.94.255,45.232.0.0,WOM,CL,730,4
2607:fb90:3b57::,2607:fb90:3b57:ffff:ffff:ffff:ffff:ffff,2607:fb90::,T-Mobile,US,310,160
86.165.48.0,86.165.48.255,86.165.0.0,BT,GB,234,76
2a02:c7f:e00e::,2a02:c7f:e00e:ffff:ffff:ffff:ffff:ffff,2a02:c7f:c000::,Sky Broadband,GB,234,57
86.157.25.0,86.157.25.255,86.157.0.0,BT,GB,234,76
5.41.209.0,5.41.210.255,5.41.0.0,SaudiNet,SA,420,01
2401:4900:463b::,2401:4900:4644:ffff:ffff:ffff:ffff:ffff,2401:4900:4000::,Airtel,GB,234,3
128.124.93.0,128.124.93.255,128.124.0.0,Vodafone UA,UA,255,01
2a00:1fa1:404e::,2a00:1fa1:404e:ffff:ffff:ffff:ffff:ffff,2a00:1fa1:4000::,MTS,RU,250,1
151.225.183.0,151.225.183.255,151.225.0.0,Sky Broadband,GB,234,57
2409:4055:84::,2409:4055:84:ffff:ffff:ffff:ffff:ffff,2409:4055::,Jio,IN,405,840
41.210.192.0,41.210.207.255,41.210.0.0,MOVICEL,AO,631,4
45.107.57.0,45.107.57.255,45.107.0.0,Vodafone,EG,602,2
2607:fb90:b284::,2607:fb90:b284:ffff:ffff:ffff:ffff:ffff,2607:fb90:8000::,T-Mobile,US,310,53
102.9.4.0,102.9.4.255,102.9.0.0,Mobinil,EG,602,1
5.109.207.0,5.109.211.255,5.109.0.0,Mobily,SA,420,3
126.247.107.0,126.247.107.255,126.247.0.0,SoftBank Mobile Corp,JP,441,1
2607:fb90:d040::,2607:fb90:d045:ffff:ffff:ffff:ffff:ffff,2607:fb90:c000::,T-Mobile,US,310,53
186.250.104.0,186.250.104.255,186.250.0.0,Vivo,BR,724,6
2600:1003:112c::,2600:1003:112e:ffff:ffff:ffff:ffff:ffff,2600:1003::,Verizon,US,310,4
2a00:1fa1:328::,2a00:1fa1:328:ffff:ffff:ffff:ffff:ffff,2a00:1fa1::,MTS,RU,250,1
114.120.0.0,114.120.255.255,114.120.0.0,Telkomsel,ID,510,10
2a00:23c5:c697::,2a00:23c5:c697:ffff:ffff:ffff:ffff:ffff,2a00:23c5:c000::,BT,GB,234,76
126.156.149.0,126.156.149.255,126.156.0.0,SoftBank,JP,441,1
156.184.192.0,156.184.255.255,156.184.0.0,Etisalat,EG,602,3
5.217.227.0,5.217.227.255,5.217.0.0,Mobile Communication Company of Iran PLC,IR,432,11
186.12.92.0,186.12.96.255,186.12.0.0,Claro,AR,722,310
91.162.215.0,91.162.215.255,91.162.0.0,Free%20Mobile,FR,208,15
156.160.78.0,156.160.80.255,156.160.0.0,Etisalat,EG,602,3
197.21.56.0,197.21.56.255,197.21.0.0,OOREDOO%20TN,TN,605,3
2409:4064:611::,2409:4064:611:ffff:ffff:ffff:ffff:ffff,2409:4064::,Jio,IN,405,840
109.201.38.0,109.201.39.255,109.201.0.0,Beeline,KZ,401,1
2401:4900:12e8::,2401:4900:12e8:ffff:ffff:ffff:ffff:ffff,2401:4900::,Bharti Airtel,IN,470,07
154.108.120.0,154.108.123.255,154.108.0.0,OOREDOO%20TN,TN,605,3
97.15.0.0,97.15.255.255,97.15.0.0,Verizon,US,311,480
114.136.16.0,114.136.18.255,114.136.0.0,Chunghwa,TW,466,92
41.115.8.0,41.115.15.255,41.115.0.0,MTN SA,AF,412,40
154.231.73.0,154.231.74.255,154.231.0.0,Airtel Uganda,UG,641,1
102.179.174.0,102.179.174.255,102.179.0.0,Airtel,BF,613,2
178.104.222.0,178.104.223.255,178.104.0.0,T-Mobile UK,GB,234,30
105.34.71.0,105.34.74.255,105.34.0.0,Orange,EG,602,1
77.204.95.0,77.204.95.255,77.204.0.0,SFR,FR,208,8
2600:1700:3c11::,2600:1700:3c11:ffff:ffff:ffff:ffff:ffff,2600:1700::,T-Mobile,US,310,53
2409:4060:2081::,2409:4060:2084:ffff:ffff:ffff:ffff:ffff,2409:4060::,Jio,IN,405,840
2409:4051:2008::,2409:4051:2008:ffff:ffff:ffff:ffff:ffff,2409:4051::,Jio,IN,405,840
41.48.120.0,41.48.120.255,41.48.0.0,Cell%20C,ZA,655,7
2a01:cb14:81fc::,2a01:cb14:81fc:ffff:ffff:ffff:ffff:ffff,2a01:cb14:8000::,Orange,FR,208,1
170.79.52.0,170.79.53.255,170.79.0.0,Vivo,BR,724,6
197.18.196.0,197.18.205.255,197.18.0.0,OOREDOO%20TN,TN,605,3
102.105.130.0,102.105.130.255,102.105.0.0,OOREDOO%20TN,TN,605,3
197.223.180.0,197.223.180.255,197.223.0.0,Mobinil,EG,602,1
2607:fb90:f618::,2607:fb90:f618:ffff:ffff:ffff:ffff:ffff,2607:fb90:c000::,T-Mobile,US,310,160
176.12.192.0,176.12.192.255,176.12.0.0,013 Netvision,IL,425,02
5.210.163.0,5.210.164.255,5.210.0.0,Mobile Communication Company of Iran PLC,IR,432,11
83.122.10.0,83.122.10.255,83.122.0.0,Mobile Communication Company of Iran PLC,IR,432,11
160.159.10.0,160.159.11.255,160.159.0.0,Orange,TN,605,1
81.131.5.0,81.131.5.255,81.131.0.0,BT,GB,234,76
178.106.223.0,178.106.223.255,178.106.0.0,EE,GB,235,1
37.129.41.0,37.129.41.255,37.129.0.0,Mobile Communication Company of Iran PLC,IR,432,11
86.55.0.0,86.55.0.255,86.55.0.0,Mobile Communication Company of Iran,IR,432,11
5.124.56.0,5.124.56.255,5.124.0.0,MTN Irancell,IR,432,35
2409:4003:2c9b::,2409:4003:2c9b:ffff:ffff:ffff:ffff:ffff,2409:4003::,Jio,IN,405,840
2409:4061:219a::,2409:4061:219a:ffff:ffff:ffff:ffff:ffff,2409:4061::,Jio,IN,405,840
37.186.32.0,37.186.39.255,37.186.0.0,Vodafone,QA,427,2
114.137.120.0,114.137.120.255,114.137.0.0,Chunghwa Telecom,TW,466,92
2600:380:19fd::,2600:380:19ff:ffff:ffff:ffff:ffff:ffff,2600:380::,AT&T,US,310,16
2603:8081:1100::,2603:8081:1100:ffff:ffff:ffff:ffff:ffff,2603:8081::,Spectrum,US,312,500
105.38.125.0,105.38.125.255,105.38.0.0,Mobinil,EG,602,1
2a01:cb1a:50::,2a01:cb1a:51:ffff:ffff:ffff:ffff:ffff,2a01:cb1a::,Orange,FR,208,1
5.169.80.0,5.169.80.255,5.169.0.0,TIM,IT,222,1
31.219.139.0,31.219.147.255,31.219.0.0,Etisalat,AE,424,2
109.253.212.0,109.253.212.255,109.253.0.0,013 Netvision,IL,425,02
2804:431:d724::,2804:431:d725:ffff:ffff:ffff:ffff:ffff,2804:431:c000::,Claro,BR,724,5
186.37.0.0,186.37.255.255,186.37.0.0,entel,CL,730,1
171.51.168.0,171.51.175.255,171.51.0.0,AirTel,IN,404,2
197.223.170.0,197.223.171.255,197.223.0.0,Mobinil,EG,602,1
178.110.76.0,178.110.76.255,178.110.0.0,EE,GB,235,1
2607:fb90:f12b::,2607:fb90:f12c:ffff:ffff:ffff:ffff:ffff,2607:fb90:c000::,T-Mobile,US,310,160
37.39.85.0,37.39.85.255,37.39.0.0,zain%20KW,KW,419,2
81.169.0.0,81.169.0.255,81.169.0.0,Proximus,BE,206,1
197.192.151.0,197.192.154.255,197.192.0.0,Etisalat,EG,602,3
196.82.186.0,196.82.186.255,196.82.0.0,IAM,MA,604,1
2a00:23c6:5e04::,2a00:23c6:5e04:ffff:ffff:ffff:ffff:ffff,2a00:23c6:4000::,BT,GB,234,76
91.251.136.0,91.251.141.255,91.251.0.0,IR-TCI (Hamrah-e-Avval),IR,432,11
2a00:23c1:f306::,2a00:23c1:f306:ffff:ffff:ffff:ffff:ffff,2a00:23c1:c000::,BT,GB,234,76
105.183.73.0,105.183.73.255,105.183.0.0,Mobinil,EG,602,1
104.237.91.0,104.237.91.255,104.237.0.0,China Mobile,CN,460,2
2600:381:3e::,2600:381:43:ffff:ffff:ffff:ffff:ffff,2600:381::,AT&T,US,310,16
2401:4900:5176::,2401:4900:5176:ffff:ffff:ffff:ffff:ffff,2401:4900:4000::,AirTel,IN,404,2
31.50.102.0,31.50.102.255,31.50.0.0,BT,GB,234,76
183.171.137.0,183.171.137.255,183.171.0.0,CelCom,MY,502,13
106.198.161.0,106.198.161.255,106.198.0.0,AirTel,IN,404,2
156.174.114.0,156.174.117.255,156.174.0.0,Etisalat,EG,602,3
121.116.1.0,121.116.1.255,121.116.0.0,NTT Docomo,JP,440,10
86.173.12.0,86.173.12.255,86.173.0.0,BT,GB,234,76
5.244.171.0,5.244.178.255,5.244.0.0,Mobily,SA,420,3
151.82.167.0,151.82.172.255,151.82.0.0,Wind,IT,222,88
51.36.35.0,51.36.37.255,51.36.0.0,Zain%20SA,SA,420,4
153.250.58.0,153.250.59.255,153.250.0.0,NTT docomo,JP,440,10
5.127.101.0,5.127.107.255,5.127.0.0,MTN Irancell,IR,432,35
196.80.223.0,196.80.223.255,196.80.0.0,IAM,MA,604,1
2804:14d:9e80::,2804:14d:9e80:ffff:ffff:ffff:ffff:ffff,2804:14d:8000::,Oi,BR,724,30
106.209.208.0,106.209.208.255,106.209.0.0,AirTel,IN,404,2
95.151.37.0,95.151.37.255,95.151.0.0,EE,GB,235,1
2a00:23c7:211e::,2a00:23c7:211e:ffff:ffff:ffff:ffff:ffff,2a00:23c7::,BT,GB,234,76
2a00:1fa0:4a3e::,2a00:1fa0:4a3e:ffff:ffff:ffff:ffff:ffff,2a00:1fa0:4000::,MTS,RU,250,1
86.215.111.0,86.215.111.255,86.215.0.0,Orange,FR,208,1
83.199.15.0,83.199.15.255,83.199.0.0,Orange,FR,208,1
114.137.21.0,114.137.22.255,114.137.0.0,Chunghwa Telecom,TW,466,92
152.235.95.0,152.235.105.255,152.235.0.0,Oi,BR,724,30
2409:4030:4e0d::,2409:4030:4e0d:ffff:ffff:ffff:ffff:ffff,2409:4030:4000::,Jio,IN,405,840
142.169.78.0,142.169.78.255,142.169.0.0,Telus Mobility,CA,302,220
2401:4900:408e::,2401:4900:409f:ffff:ffff:ffff:ffff:ffff,2401:4900:4000::,AirTel,IN,404,2
42.74.252.0,42.74.255.255,42.74.0.0,Chunghwa,TW,466,92
84.70.187.0,84.70.187.255,84.70.0.0,Vodafone UK,GB,234,7
5.217.27.0,5.217.28.255,5.217.0.0,Mobile Communication Company of Iran PLC,IR,432,11
94.14.115.0,94.14.115.255,94.14.0.0,Sky Broadband,GB,234,57
102.12.147.0,102.12.151.255,102.12.0.0,Mobinil,EG,602,1
93.32.147.0,93.32.147.255,93.32.0.0,Fastweb,IT,222,8
88.155.46.0,88.155.46.255,88.155.0.0,lifecell,UA,255,06
5.114.118.0,5.114.124.255,5.114.0.0,MTN Irancell,IR,432,35
5.62.192.0,5.62.201.255,5.62.0.0,RighTel,IR,432,20
5.156.186.0,5.156.190.255,5.156.0.0,SaudiNet,SA,420,01
86.107.216.0,86.107.217.255,86.107.0.0,Mobile Communication Company of Iran PLC,IR,432,11
2409:4054:291::,2409:4054:291:ffff:ffff:ffff:ffff:ffff,2409:4054::,Jio,IN,405,840
2600:380:4d2b::,2600:380:4d2e:ffff:ffff:ffff:ffff:ffff,2600:380:4000::,AT&T,US,310,16
105.93.160.0,105.93.160.255,105.93.0.0,Etisalat,EG,602,3
154.149.112.0,154.149.112.255,154.149.0.0,IAM,MA,604,1
192.15.190.0,192.15.225.255,192.15.0.0,IR-TCI (Hamrah-e-Avval),IR,432,11
2401:4900:3679::,2401:4900:3679:ffff:ffff:ffff:ffff:ffff,2401:4900::,Bharti Airtel,IN,470,07
102.178.90.0,102.178.91.255,102.178.0.0,Airtel,BF,613,2
176.16.243.0,176.16.243.255,176.16.0.0,Mobily,SA,420,3
106.208.94.0,106.208.94.255,106.208.0.0,Airtel,GB,234,3
78.40.2.0,78.40.3.255,78.40.0.0,vip,MK,294,3
2a00:23c5:fc81::,2a00:23c5:fc81:ffff:ffff:ffff:ffff:ffff,2a00:23c5:c000::,BT,GB,234,76
49.33.154.0,49.33.154.255,49.33.0.0,Jio,IN,405,840
2001:268:e87d::,2001:268:e87d:ffff:ffff:ffff:ffff:ffff,2001:268:c000::,au,JP,440,50
2a00:1fa0:a8b::,2a00:1fa0:a8b:ffff:ffff:ffff:ffff:ffff,2a00:1fa0::,MTS,RU,250,1
2a00:23c4:a497::,2a00:23c4:a497:ffff:ffff:ffff:ffff:ffff,2a00:23c4:8000::,BT,GB,234,76
5.213.186.0,5.213.188.255,5.213.0.0,IR-TCI (Hamrah-e-Avval),IR,432,11
42.72.207.0,42.72.209.255,42.72.0.0,Chunghwa,TW,466,92
14.27.0.0,14.27.255.255,14.27.0.0,China Telecom,CN,460,11
86.140.60.0,86.140.60.255,86.140.0.0,BT,GB,234,76
49.230.186.0,49.230.188.255,49.230.0.0,AIS,TH,520,1
171.253.15.0,171.253.16.255,171.253.0.0,Viettel Mobile,VN,452,4
84.66.4.0,84.66.5.255,84.66.0.0,Vodafone UK,GB,234,7
5.52.252.0,5.52.252.255,5.52.0.0,Mobile Communication Company of Iran PLC,IR,432,11
2a00:1fa0:664::,2a00:1fa0:665:ffff:ffff:ffff:ffff:ffff,2a00:1fa0::,MTS PJSC,RU,251,01
86.161.165.0,86.161.165.255,86.161.0.0,BT,GB,234,76
5.47.34.0,5.47.34.255,5.47.0.0,Turk Telekom,TR,286,3
2607:fc20:7b01::,2607:fc20:7b01:ffff:ffff:ffff:ffff:ffff,2607:fc20:4000::,T-Mobile,US,310,160
134.0.3.0,134.0.3.255,134.0.0.0,Wind,IT,222,88
209.93.243.0,209.93.243.255,209.93.0.0,Plusnet,GB,234,00
102.78.14.0,102.78.30.255,102.78.0.0,IAM,MA,604,1
178.91.16.0,178.91.17.255,178.91.0.0,Beeline,KZ,401,1
102.57.93.0,102.57.96.255,102.57.0.0,Etisalat,EG,602,3
78.190.245.0,78.190.245.255,78.190.0.0,Vodafone,TR,286,2
105.152.205.0,105.152.207.255,105.152.0.0,IAM,MA,604,1
86.55.125.0,86.55.125.255,86.55.0.0,Mobile Communication Company of Iran PLC,IR,432,11
154.139.45.0,154.139.45.255,154.139.0.0,Mobinil,EG,602,1
2607:fb90:64e7::,2607:fb90:64e7:ffff:ffff:ffff:ffff:ffff,2607:fb90:4000::,T-Mobile,US,310,53
154.135.87.0,154.135.87.255,154.135.0.0,Mobinil,EG,602,1
86.142.222.0,86.142.222.255,86.142.0.0,BT,GB,234,76
160.160.37.0,160.160.39.255,160.160.0.0,IAM,MA,604,1
94.128.80.0,94.128.81.255,94.128.0.0,Viva Kuwait,KW,419,04
213.122.141.0,213.122.141.255,213.122.0.0,BT,GB,234,76
151.43.217.0,151.43.217.255,151.43.0.0,WIND (Blu) -,IT,222,88
2001:56b:9fe0::,2001:56b:9fff:ffff:ffff:ffff:ffff:ffff,2001:56b:8000::,Telus,CA,302,221
105.1.139.0,105.1.140.255,105.1.0.0,Cell C,ZA,655,7
2a00:23c7:3e86::,2a00:23c7:3e86:ffff:ffff:ffff:ffff:ffff,2a00:23c7::,BT,GB,234,76
5.123.29.0,5.123.35.255,5.123.0.0,MTN Irancell,IR,432,35
5.90.9.0,5.90.9.255,5.90.0.0,Vodafone,IT,222,6
41.13.165.0,41.13.169.255,41.13.0.0,Vodacom,ZA,655,1
2600:6c5e:2900::,2600:6c5e:2900:ffff:ffff:ffff:ffff:ffff,2600:6c5e::,Spectrum,US,312,500
2607:fb90:f015::,2607:fb90:f015:ffff:ffff:ffff:ffff:ffff,2607:fb90:c000::,T-Mobile,US,310,53
102.104.229.0,102.104.230.255,102.104.0.0,OOREDOO%20TN,TN,605,3
37.39.16.0,37.39.16.255,37.39.0.0,zain%20KW,KW,419,2
2a02:8440:3307::,2a02:8440:3308:ffff:ffff:ffff:ffff:ffff,2a02:8440::,SFR,FR,208,8
45.97.210.0,45.97.211.255,45.97.0.0,Mobinil,EG,602,1
5.245.96.0,5.245.103.255,5.245.0.0,Mobily,SA,420,3
182.52.216.0,182.52.219.255,182.52.0.0,AIS,TH,520,1
2607:fc20:8364::,2607:fc20:8364:ffff:ffff:ffff:ffff:ffff,2607:fc20:8000::,T-Mobile,US,310,160
39.11.194.0,39.11.194.255,39.11.0.0,FarEasTone,TW,466,1
154.139.79.0,154.139.79.255,154.139.0.0,Mobinil,EG,602,1
37.111.236.0,37.111.236.255,37.111.0.0,TELENOR,RS,220,1
102.111.224.0,102.111.224.255,102.111.0.0,OOREDOO%20TN,TN,605,3
2405:3800:885::,2405:3800:886:ffff:ffff:ffff:ffff:ffff,2405:3800::,U Mobile,MY,502,18
2600:380:a3bf::,2600:380:a3bf:ffff:ffff:ffff:ffff:ffff,2600:380:8000::,AT&T,US,310,16
115.164.54.0,115.164.54.255,115.164.0.0,CelCom,MY,502,13
196.228.35.0,196.228.35.255,196.228.0.0,Tunicell,TN,605,2
2804:14c:196::,2804:14c:196:ffff:ffff:ffff:ffff:ffff,2804:14c::,Claro,BR,724,5
154.134.139.0,154.134.140.255,154.134.0.0,Orange,EG,602,1
2409:4072:6306::,2409:4072:6306:ffff:ffff:ffff:ffff:ffff,2409:4072:4000::,Jio,IN,405,840
105.252.5.0,105.252.5.255,105.252.0.0,MTN,ZA,655,10
157.36.175.0,157.36.182.255,157.36.0.0,Jio,IN,405,840
89.226.149.0,89.226.149.255,89.226.0.0,NRJ%20Mobile,FR,208,26
94.65.145.0,94.65.145.255,94.65.0.0,Cosmote,GR,202,1
2804:14d:5c71::,2804:14d:5c71:ffff:ffff:ffff:ffff:ffff,2804:14d:4000::,Claro,BR,724,5
109.52.43.0,109.52.44.255,109.52.0.0,Telecom Italia Mobile,IT,220,01
97.46.66.0,97.46.66.255,97.46.0.0,Verizon,US,310,4
2402:8100:2084::,2402:8100:2084:ffff:ffff:ffff:ffff:ffff,2402:8100::,Vodafone Idea,IN,404,01
154.185.59.0,154.185.59.255,154.185.0.0,Etisalat,EG,602,3
5.176.209.0,5.176.209.255,5.176.0.0,Turk Telekom,TR,286,3
2607:fb90:f52c::,2607:fb90:f52d:ffff:ffff:ffff:ffff:ffff,2607:fb90:c000::,T-Mobile,US,310,160
2601:681:400::,2601:681:400:ffff:ffff:ffff:ffff:ffff,2601:681::,T-Mobile,US,310,53
154.73.164.0,154.73.165.255,154.73.0.0,Tigo,TD,622,3
2001:4651:1157::,2001:4651:1157:ffff:ffff:ffff:ffff:ffff,2001:4651::,Telenor,RS,220,1
105.161.95.0,105.161.99.255,105.161.0.0,Safaricom,KE,639,1
45.106.188.0,45.106.188.255,45.106.0.0,Orange,EG,602,1
91.251.214.0,91.251.214.255,91.251.0.0,IR-TCI (Hamrah-e-Avval),IR,432,11
2a02:c7f:d2a3::,2a02:c7f:d2a3:ffff:ffff:ffff:ffff:ffff,2a02:c7f:c000::,Sky Broadband,GB,234,57
102.173.91.0,102.173.91.255,102.173.0.0,OOREDOO%20TN,TN,605,3
196.73.0.0,196.73.0.255,196.73.0.0,IAM,MA,604,1
197.21.110.0,197.21.110.255,197.21.0.0,OOREDOO%20TN,TN,605,3
160.159.46.0,160.159.50.255,160.159.0.0,Orange,TN,605,1
2a00:1fa1:4300::,2a00:1fa1:4300:ffff:ffff:ffff:ffff:ffff,2a00:1fa1:4000::,MTS,RU,250,1
95.162.153.0,95.162.153.255,95.162.0.0,Rightel,IR,432,20
181.103.32.0,181.103.35.255,181.103.0.0,Personal,AR,722,34
5.116.93.0,5.116.101.255,5.116.0.0,MTN Irancell,IR,432,35
171.253.39.0,171.253.46.255,171.253.0.0,Viettel Group,VN,452,04
2401:4900:408a::,2401:4900:408c:ffff:ffff:ffff:ffff:ffff,2401:4900:4000::,AirTel,IN,404,2
129.205.241.0,129.205.241.255,129.205.0.0,Orange,BW,652,2
2a02:c7d:3bb4::,2a02:c7d:3bb4:ffff:ffff:ffff:ffff:ffff,2a02:c7d::,Sky Broadband,GB,234,57
2a00:23c7:7d94::,2a00:23c7:7d94:ffff:ffff:ffff:ffff:ffff,2a00:23c7:4000::,BT,GB,234,76
49.33.217.0,49.33.217.255,49.33.0.0,Jio,IN,405,874
37.175.157.0,37.175.157.255,37.175.0.0,Free%20Mobile,FR,208,15
186.169.166.0,186.169.205.255,186.169.0.0,movistar,CO,732,1
86.142.191.0,86.142.191.255,86.142.0.0,BT,GB,234,76
240a:14:4830::,240a:14:4837:ffff:ffff:ffff:ffff:ffff,240a:14:4000::,NTT docomo,JP,440,10
2a00:23c6:a009::,2a00:23c6:a009:ffff:ffff:ffff:ffff:ffff,2a00:23c6:8000::,BT,GB,234,76
49.36.21.0,49.36.21.255,49.36.0.0,Jio,IN,405,840
2806:262:414::,2806:262:414:ffff:ffff:ffff:ffff:ffff,2806:262::,Movistar,MX,334,30
105.112.156.0,105.112.157.255,105.112.0.0,Airtel,NG,621,20
62.98.52.0,62.98.52.255,62.98.0.0,Vodafone,IT,222,6
2607:fb90:422a::,2607:fb90:422b:ffff:ffff:ffff:ffff:ffff,2607:fb90:4000::,T-Mobile,US,310,160
2401:4900:27c7::,2401:4900:27c7:ffff:ffff:ffff:ffff:ffff,2401:4900::,Airtel,GB,234,3
80.229.33.0,80.229.33.255,80.229.0.0,Plusnet,GB,234,00
92.99.133.0,92.99.133.255,92.99.0.0,Etisalat,AE,424,2
187.198.144.0,187.198.151.255,187.198.0.0,Telcel,MX,334,20
2607:fb90:e125::,2607:fb90:e125:ffff:ffff:ffff:ffff:ffff,2607:fb90:c000::,T-Mobile,US,310,53
101.215.0.0,101.215.31.255,101.215.0.0,AIRCEL,IN,404,25
2605:8d80:84::,2605:8d80:86:ffff:ffff:ffff:ffff:ffff,2605:8d80::,Rogers Wireless,CA,302,320
31.49.93.0,31.49.93.255,31.49.0.0,BT,GB,234,76
5.65.166.0,5.65.166.255,5.65.0.0,Sky Broadband,GB,234,57
84.245.120.0,84.245.121.255,84.245.0.0,"SWAN, a.s.",SK,231,03
157.32.26.0,157.32.26.255,157.32.0.0,Jio,IN,405,840
197.233.237.0,197.233.237.255,197.233.0.0,MTC,NA,649,1
2a01:4c8:c68::,2a01:4c8:c6e:ffff:ffff:ffff:ffff:ffff,2a01:4c8::,EE,GB,235,1
41.113.50.0,41.113.51.255,41.113.0.0,MTN,ZA,655,10
90.208.213.0,90.208.213.255,90.208.0.0,Sky Broadband,GB,234,57
5.90.104.0,5.90.105.255,5.90.0.0,Vodafone,IT,222,10
86.151.173.0,86.151.173.255,86.151.0.0,BT,GB,234,76
196.67.143.0,196.67.143.255,196.67.0.0,IAM,MA,604,1
156.179.36.0,156.179.36.255,156.179.0.0,Vodafone,EG,602,2
2a00:1fa1:c60f::,2a00:1fa1:c60f:ffff:ffff:ffff:ffff:ffff,2a00:1fa1:c000::,MTS,RU,250,1
154.107.230.0,154.107.233.255,154.107.0.0,OOREDOO%20TN,TN,605,3
2409:4064:a81::,2409:4064:a81:ffff:ffff:ffff:ffff:ffff,2409:4064::,Jio,IN,405,840
181.206.0.0,181.206.255.255,181.206.0.0,Tigo,CO,732,103
196.234.170.0,196.234.170.255,196.234.0.0,OOREDOO%20TN,TN,605,3
5.114.240.0,5.114.240.255,5.114.0.0,Iran Cell Service and Communication Company,IR,432,35
197.17.151.0,197.17.151.255,197.17.0.0,OOREDOO%20TN,TN,605,3
106.78.74.0,106.78.75.255,106.78.0.0,IDEA,IN,404,14
191.202.245.0,191.202.247.255,191.202.0.0,Vivo S.A./Telemig,BR,724,6
5.41.24.0,5.41.24.255,5.41.0.0,Al Jawal (STC ),SA,420,1
2600:100a:b1db::,2600:100a:b1df:ffff:ffff:ffff:ffff:ffff,2600:100a:8000::,Verizon Wireless,US,310,4
2401:4900:3673::,2401:4900:3673:ffff:ffff:ffff:ffff:ffff,2401:4900::,AirTel,IN,404,2
47.11.245.0,47.11.245.255,47.11.0.0,Jio,IN,405,840
178.110.207.0,178.110.207.255,178.110.0.0,T-Mobile UK,GB,234,30
2600:380:4d65::,2600:380:4d65:ffff:ffff:ffff:ffff:ffff,2600:380:4000::,AT&T,US,310,16
2405:204:a680::,2405:204:a682:ffff:ffff:ffff:ffff:ffff,2405:204:8000::,Jio,IN,405,840
5.211.88.0,5.211.94.255,5.211.0.0,IR-TCI (Hamrah-e-Avval),IR,432,11
2a00:1fa0:469a::,2a00:1fa0:469a:ffff:ffff:ffff:ffff:ffff,2a00:1fa0:4000::,MTS PJSC,RU,251,01
86.55.159.0,86.55.160.255,86.55.0.0,IR-TCI (Hamrah-e-Avval),IR,432,11
157.32.90.0,157.32.91.255,157.32.0.0,Jio,IN,405,840
197.8.162.0,197.8.162.255,197.8.0.0,Tunicell,TN,605,2
105.47.250.0,105.47.250.255,105.47.0.0,Vodafone,EG,602,2
31.167.82.0,31.167.82.255,31.167.0.0,Mobily,SA,420,3
196.91.159.0,196.91.159.255,196.91.0.0,IAM,MA,604,1
115.178.205.0,115.178.214.255,115.178.0.0,Smartfren,ID,510,9
41.13.109.0,41.13.109.255,41.13.0.0,Vodacom,ZA,655,1
49.34.8.0,49.34.8.255,49.34.0.0,Jio,IN,405,840
60.39.54.0,60.39.54.255,60.39.0.0,NTT Docomo,JP,440,10
2804:1824:cd01::,2804:1824:cd01:ffff:ffff:ffff:ffff:ffff,2804:1824:c000::,Vivo,BR,724,6
158.148.81.0,158.148.86.255,158.148.0.0,Telecom Italia Mobile,IT,220,01
151.35.110.0,151.35.110.255,151.35.0.0,WIND (Blu) -,IT,222,88
83.122.74.0,83.122.74.255,83.122.0.0,IR-TCI (Hamrah-e-Avval),IR,432,11
102.14.183.0,102.14.183.255,102.14.0.0,Mobinil,EG,602,1
102.175.233.0,102.175.233.255,102.175.0.0,OOREDOO%20TN,TN,605,3
2a00:1fa0:466d::,2a00:1fa0:4671:ffff:ffff:ffff:ffff:ffff,2a00:1fa0:4000::,MTS,RU,250,1
41.115.80.0,41.115.80.255,41.115.0.0,MTN,ZA,655,10
2a02:c7f:a465::,2a02:c7f:a465:ffff:ffff:ffff:ffff:ffff,2a02:c7f:8000::,Sky Broadband,GB,234,57
31.72.234.0,31.72.244.255,31.72.0.0,T-Mobile UK,GB,234,30
84.69.90.0,84.69.92.255,84.69.0.0,Vodafone UK,GB,234,7
2405:205:108e::,2405:205:108f:ffff:ffff:ffff:ffff:ffff,2405:205::,Jio,IN,405,840
45.96.41.0,45.96.42.255,45.96.0.0,Mobinil,EG,602,1
2.28.244.0,2.28.244.255,2.28.0.0,EE,GB,235,1
2a03:ec00:b34b::,2a03:ec00:b34b:ffff:ffff:ffff:ffff:ffff,2a03:ec00:8000::,Latvijas Mobilais Telefons SIA,LV,247,01
37.163.12.0,37.163.12.255,37.163.0.0,Free,FR,208,15
2607:fb90:5fa1::,2607:fb90:5fa1:ffff:ffff:ffff:ffff:ffff,2607:fb90:4000::,T-Mobile,US,310,160
37.160.30.0,37.160.30.255,37.160.0.0,Free,FR,208,15
2a00:1fa2:c4af::,2a00:1fa2:c4af:ffff:ffff:ffff:ffff:ffff,2a00:1fa2:c000::,MTS,RU,250,1
86.139.44.0,86.139.44.255,86.139.0.0,BT,GB,234,76
45.106.34.0,45.106.34.255,45.106.0.0,Mobinil,EG,602,1
45.118.172.0,45.118.175.255,45.118.0.0,cellone,IN,404,53
2001:56f:ff7c::,2001:56f:ff7f:ffff:ffff:ffff:ffff:ffff,2001:56f:c000::,Telus,CA,302,221
49.37.221.0,49.37.221.255,49.37.0.0,AirTel,IN,404,2
154.73.142.0,154.73.142.255,154.73.0.0,Vodacom,ZA,655,1
5.90.8.0,5.90.8.255,5.90.0.0,1 MOBILE,IT,222,10
2a00:23c7:769d::,2a00:23c7:769d:ffff:ffff:ffff:ffff:ffff,2a00:23c7:4000::,BT,GB,234,76
185.62.96.0,185.62.96.255,185.62.0.0,Kyivstar,UA,255,2
105.183.183.0,105.183.185.255,105.183.0.0,Mobinil,EG,602,1
105.33.85.0,105.33.86.255,105.33.0.0,Mobinil,EG,602,1
196.90.125.0,196.90.127.255,196.90.0.0,IAM,MA,604,1
154.138.26.0,154.138.30.255,154.138.0.0,Orange,EG,602,1
2a00:1fa0:c613::,2a00:1fa0:c613:ffff:ffff:ffff:ffff:ffff,2a00:1fa0:c000::,MTS,RU,250,1
105.112.10.0,105.112.12.255,105.112.0.0,Airtel,NG,621,20
2a02:c7f:cbb::,2a02:c7f:cbb:ffff:ffff:ffff:ffff:ffff,2a02:c7f::,Sky Broadband,GB,234,57
86.55.113.0,86.55.113.255,86.55.0.0,IR-TCI (Hamrah-e-Avval),IR,432,11
2607:fc20:7a8f::,2607:fc20:7a8f:ffff:ffff:ffff:ffff:ffff,2607:fc20:4000::,T-Mobile,US,310,160
5.176.112.0,5.176.112.255,5.176.0.0,Turk Telekom,TR,286,3
151.68.131.0,151.68.133.255,151.68.0.0,Wind,IT,222,88
196.229.45.0,196.229.53.255,196.229.0.0,Orange,TN,605,1
2600:380:a0f9::,2600:380:a0fa:ffff:ffff:ffff:ffff:ffff,2600:380:8000::,AT&T,US,310,16
37.170.0.0,37.170.10.255,37.170.0.0,Free%20Mobile,FR,208,15
5.245.114.0,5.245.114.255,5.245.0.0,Mobily,SA,420,3
37.211.105.0,37.211.105.255,37.211.0.0,OOREDOO,MM,414,5
41.48.114.0,41.48.114.255,41.48.0.0,Cell C,ZA,655,7
2402:8100:24e4::,2402:8100:24e4:ffff:ffff:ffff:ffff:ffff,2402:8100::,Idea Cellular,IN,404,4
37.170.11.0,37.170.11.255,37.170.0.0,Free,FR,208,15
102.109.119.0,102.109.131.255,102.109.0.0,OOREDOO%20TN,TN,605,3
178.100.76.0,178.100.85.255,178.100.0.0,T-Mobile UK,GB,234,30
2.55.182.0,2.55.182.255,2.55.0.0,Orange Israel,IL,425,01
2600:100b:1036::,2600:100b:1036:ffff:ffff:ffff:ffff:ffff,2600:100b::,Verizon,US,310,4
83.187.179.0,83.187.181.255,83.187.0.0,Tele2 SWIPnet,SE,240,07
106.208.60.0,106.208.63.255,106.208.0.0,AirTel,IN,404,2
2401:4900:5887::,2401:4900:5887:ffff:ffff:ffff:ffff:ffff,2401:4900:4000::,AirTel,IN,404,2
105.143.96.0,105.143.101.255,105.143.0.0,IAM,MA,604,1
240a:11:48c4::,240a:11:48c6:ffff:ffff:ffff:ffff:ffff,240a:11:4000::,NTT docomo,JP,440,10
42.74.133.0,42.74.133.255,42.74.0.0,Chunghwa Telecom,TW,466,92
196.237.128.0,196.237.132.255,196.237.0.0,Orange,TN,605,1
2607:fb90:b077::,2607:fb90:b077:ffff:ffff:ffff:ffff:ffff,2607:fb90:8000::,T-Mobile,US,310,53
37.245.220.0,37.245.226.255,37.245.0.0,Etisalat,AE,424,2
2a00:1fa0:4400::,2a00:1fa0:4407:ffff:ffff:ffff:ffff:ffff,2a00:1fa0:4000::,MTS,RU,250,1
2806:2f0:5001::,2806:2f0:5001:ffff:ffff:ffff:ffff:ffff,2806:2f0:4000::,Unefon,MX,334,40
86.150.215.0,86.150.215.255,86.150.0.0,BT,GB,234,76
176.200.89.0,176.200.95.255,176.200.0.0,TIM,IT,222,1
2001:16a2:c0e0::,2001:16a2:c0e0:ffff:ffff:ffff:ffff:ffff,2001:16a2:c000::,SaudiNet,SA,420,01
151.255.162.0,151.255.162.255,151.255.0.0,Al Jawal (STC ),SA,420,1
2600:100c:1210::,2600:100c:1212:ffff:ffff:ffff:ffff:ffff,2600:100c::,Verizon,US,310,4
109.154.40.0,109.154.40.255,109.154.0.0,BT,GB,234,76
97.34.0.0,97.34.2.255,97.34.0.0,Verizon Wireless,US,310,4
105.183.101.0,105.183.102.255,105.183.0.0,Orange,EG,602,1
5.213.49.0,5.213.49.255,5.213.0.0,Mobile Communication Company of Iran PLC,IR,432,11
105.180.4.0,105.180.4.255,105.180.0.0,Mobinil,EG,602,1
2001:b011:380c::,2001:b011:380c:ffff:ffff:ffff:ffff:ffff,2001:b011::,Chunghwa,TW,466,92
191.218.46.0,191.218.46.255,191.218.0.0,Oi,BR,724,30
2600:1002:1049::,2600:1002:105f:ffff:ffff:ffff:ffff:ffff,2600:1002::,Verizon,US,310,4
37.216.77.0,37.216.78.255,37.216.0.0,Mobily,SA,420,3
45.107.167.0,45.107.167.255,45.107.0.0,Mobinil,EG,602,1
5.125.40.0,5.125.42.255,5.125.0.0,MTN Irancell,IR,432,35
31.92.111.0,31.92.116.255,31.92.0.0,T-Mobile UK,GB,234,30
2402:800:62a6::,2402:800:62a6:ffff:ffff:ffff:ffff:ffff,2402:800:4000::,Viettel Mobile,VN,452,4
126.253.172.0,126.253.172.255,126.253.0.0,SoftBank,JP,440,20
2409:4070:2317::,2409:4070:2317:ffff:ffff:ffff:ffff:ffff,2409:4070::,Jio,IN,405,840
1.200.122.0,1.200.124.255,1.200.0.0,T-Star/VIBO,TW,466,89
5.124.239.0,5.124.239.255,5.124.0.0,Iran Cell Service and Communication Company,IR,432,35
186.102.20.0,186.102.21.255,186.102.0.0,movistar,CO,732,1
94.59.135.0,94.59.135.255,94.59.0.0,Etisalat,AE,424,2
154.187.194.0,154.187.194.255,154.187.0.0,Vodafone,EG,602,2
45.107.45.0,45.107.45.255,45.107.0.0,Mobinil,EG,602,1
2405:204:550f::,2405:204:550f:ffff:ffff:ffff:ffff:ffff,2405:204:4000::,Jio,IN,405,840
2401:4900:3610::,2401:4900:3610:ffff:ffff:ffff:ffff:ffff,2401:4900::,Airtel,GB,234,3
41.8.0.0,41.8.2.255,41.8.0.0,Vodacom,ZA,655,1
185.66.252.0,185.66.252.255,185.66.0.0,MegaCom,KG,437,5
94.235.14.0,94.235.15.255,94.235.0.0,Turk Telekom,TR,286,3
49.34.250.0,49.34.250.255,49.34.0.0,Jio,IN,405,840
102.63.68.0,102.63.68.255,102.63.0.0,Mobinil,EG,602,1
151.37.92.0,151.37.92.255,151.37.0.0,WIND (Blu) -,IT,222,88
2607:fc20:b2e0::,2607:fc20:b2e8:ffff:ffff:ffff:ffff:ffff,2607:fc20:8000::,T-Mobile,US,310,160
2409:4061:2000::,2409:4061:2000:ffff:ffff:ffff:ffff:ffff,2409:4061::,Jio,IN,405,840
2409:4042:2480::,2409:4042:2481:ffff:ffff:ffff:ffff:ffff,2409:4042::,Jio,IN,405,840
196.91.37.0,196.91.37.255,196.91.0.0,IAM,MA,604,1
2607:fc20:3b55::,2607:fc20:3b55:ffff:ffff:ffff:ffff:ffff,2607:fc20::,T-Mobile,US,310,160
160.156.207.0,160.156.207.255,160.156.0.0,OOREDOO%20TN,TN,605,3
49.195.0.0,49.195.255.255,49.195.0.0,Optus,AU,505,2
2401:4900:9fd::,2401:4900:9ff:ffff:ffff:ffff:ffff:ffff,2401:4900::,AirTel,IN,404,2
31.2.216.0,31.2.216.255,31.2.0.0,Mobile Communication Company of Iran,IR,432,11
2409:4056:e91::,2409:4056:e94:ffff:ffff:ffff:ffff:ffff,2409:4056::,Jio,IN,405,840
2601:1c2:1200::,2601:1c2:1200:ffff:ffff:ffff:ffff:ffff,2601:1c2::,T-Mobile,US,310,53
31.76.22.0,31.76.51.255,31.76.0.0,T-Mobile UK,GB,234,30
196.176.248.0,196.176.249.255,196.176.0.0,OOREDOO%20TN,TN,605,3
85.76.42.0,85.76.42.255,85.76.0.0,elisa,FI,244,05
2402:3a80:18a0::,2402:3a80:18af:ffff:ffff:ffff:ffff:ffff,2402:3a80::,Vodafone India,IN,404,1
2409:4062:2109::,2409:4062:2109:ffff:ffff:ffff:ffff:ffff,2409:4062::,Jio,IN,405,840
46.196.80.0,46.196.80.255,46.196.0.0,Turkcell,TR,286,1
106.154.156.0,106.154.156.255,106.154.0.0,KDDI Corporation,JP,440,50
105.129.202.0,105.129.207.255,105.129.0.0,IAM,MA,604,1
196.146.0.0,196.146.255.255,196.146.0.0,Vodafone,EG,602,2
2a00:1fa0:4272::,2a00:1fa0:4272:ffff:ffff:ffff:ffff:ffff,2a00:1fa0:4000::,MTS,RU,250,1
93.169.152.0,93.169.152.255,93.169.0.0,Al Jawal (STC ),SA,420,1
102.175.180.0,102.175.182.255,102.175.0.0,OOREDOO%20TN,TN,605,3
102.249.0.0,102.249.4.255,102.249.0.0,Telkom,ZA,655,2
2600:6c55:6900::,2600:6c55:6900:ffff:ffff:ffff:ffff:ffff,2600:6c55:4000::,U.S. Cellular,US,310,66
84.70.201.0,84.70.201.255,84.70.0.0,Vodafone UK,GB,234,7
2a01:cb06:a041::,2a01:cb06:a041:ffff:ffff:ffff:ffff:ffff,2a01:cb06:8000::,Orange,FR,208,1
5.90.114.0,5.90.116.255,5.90.0.0,Vodafone,IT,222,10
37.42.206.0,37.42.207.255,37.42.0.0,Mobily,SA,420,3
128.124.109.0,128.124.112.255,128.124.0.0,Vodafone,UA,255,1
102.8.185.0,102.8.186.255,102.8.0.0,Mobinil,EG,602,1
81.129.179.0,81.129.179.255,81.129.0.0,BT,GB,234,76
109.52.189.0,109.52.189.255,109.52.0.0,Telecom Italia Mobile,IT,220,01
2001:8f8:172b::,2001:8f8:172b:ffff:ffff:ffff:ffff:ffff,2001:8f8::,Etisalat,AE,424,2
37.39.206.0,37.39.206.255,37.39.0.0,Mobile Telecommunications Company,KW,419,03
2a02:c7e:22b::,2a02:c7e:22b:ffff:ffff:ffff:ffff:ffff,2a02:c7e::,Sky Broadband,GB,234,57
31.74.244.0,31.74.250.255,31.74.0.0,T-Mobile UK,GB,234,30
2a00:23c5:3f8b::,2a00:23c5:3f8b:ffff:ffff:ffff:ffff:ffff,2a00:23c5::,BT,GB,234,76
2600:1014:d11d::,2600:1014:d11d:ffff:ffff:ffff:ffff:ffff,2600:1014:c000::,Verizon Wireless,US,310,4
110.225.87.0,110.225.87.255,110.225.0.0,Bharti Airtel,IN,470,07
186.250.114.0,186.250.114.255,186.250.0.0,TIM,BR,724,2
37.202.82.0,37.202.82.255,37.202.0.0,zain%20JO,JO,416,1
217.165.96.0,217.165.96.255,217.165.0.0,Etisalat,AF,412,50
2601:246:5380::,2601:246:5380:ffff:ffff:ffff:ffff:ffff,2601:246:4000::,T-Mobile,US,310,53
197.222.116.0,197.222.116.255,197.222.0.0,Mobinil,EG,602,1
154.104.208.0,154.104.208.255,154.104.0.0,OOREDOO TN,TN,605,3
2603:6000:c701::,2603:6000:c701:ffff:ffff:ffff:ffff:ffff,2603:6000:c000::,Spectrum,US,312,500
154.186.13.0,154.186.13.255,154.186.0.0,Etisalat,EG,602,3
2803:9800:42d5::,2803:9800:42db:ffff:ffff:ffff:ffff:ffff,2803:9800:4000::,Claro,AR,722,310
190.76.127.0,190.76.127.255,190.76.0.0,Movilnet,VE,734,6
109.68.236.0,109.68.237.255,109.68.0.0,MegaFon,TJ,436,3
5.106.167.0,5.106.169.255,5.106.0.0,IR-TCI (Hamrah-e-Avval),IR,432,11
47.8.159.0,47.8.160.255,47.8.0.0,Jio,IN,405,840
2a00:23c5:e2af::,2a00:23c5:e2af:ffff:ffff:ffff:ffff:ffff,2a00:23c5:c000::,BT,GB,234,76
217.107.126.0,217.107.127.255,217.107.0.0,Tele2,RU,250,20
166.230.18.0,166.230.19.255,166.230.0.0,Union Wireless,US,310,20
2a00:1fa0:4200::,2a00:1fa0:4200:ffff:ffff:ffff:ffff:ffff,2a00:1fa0:4000::,MTS,RU,250,1
151.18.194.0,151.18.195.255,151.18.0.0,WIND (Blu) -,IT,222,88
126.168.133.0,126.168.133.255,126.168.0.0,NTT Docomo,JP,440,10
45.106.136.0,45.106.136.255,45.106.0.0,Mobinil,EG,602,1
5.119.66.0,5.119.67.255,5.119.0.0,Iran Cell Service and Communication Company,IR,432,35
151.47.73.0,151.47.73.255,151.47.0.0,WIND (Blu) -,IT,222,88
31.92.75.0,31.92.82.255,31.92.0.0,T-Mobile UK,GB,234,30
186.185.38.0,186.185.38.255,186.185.0.0,movistar,VE,734,4
240a:6b:f80::,240a:6b:f80:ffff:ffff:ffff:ffff:ffff,240a:6b::,NTT Docomo,JP,440,10
105.36.24.0,105.36.25.255,105.36.0.0,Mobinil,EG,602,1
151.47.164.0,151.47.164.255,151.47.0.0,WIND (Blu) -,IT,222,88
91.133.147.0,91.133.147.255,91.133.0.0,Mobile Communication Company of Iran PLC,IR,432,11
2a02:a456:2f20::,2a02:a456:2f20:ffff:ffff:ffff:ffff:ffff,2a02:a456::,KPN,NL,204,8
83.110.58.0,83.110.58.255,83.110.0.0,Etisalat,AE,424,2
5.169.184.0,5.169.184.255,5.169.0.0,TIM,IT,222,1
197.130.114.0,197.130.114.255,197.130.0.0,IAM,MA,604,1
93.168.95.0,93.168.97.255,93.168.0.0,SaudiNet,SA,420,01
94.243.68.0,94.243.71.255,94.243.0.0,Orange,MD,259,1
5.111.161.0,5.111.161.255,5.111.0.0,Mobily,SA,420,3
105.139.208.0,105.139.212.255,105.139.0.0,IAM,MA,604,1
88.124.244.0,88.124.244.255,88.124.0.0,SFR,FR,208,8
197.29.224.0,197.29.240.255,197.29.0.0,Orange,TN,605,1
154.130.40.0,154.130.40.255,154.130.0.0,Vodafone,EG,602,2
37.39.144.0,37.39.147.255,37.39.0.0,zain%20KW,KW,419,2
105.42.52.0,105.42.52.255,105.42.0.0,Mobinil,EG,602,1
2a00:1fa2:4fc::,2a00:1fa2:4fc:ffff:ffff:ffff:ffff:ffff,2a00:1fa2::,MTS PJSC,RU,251,01
2405:204:2290::,2405:204:2290:ffff:ffff:ffff:ffff:ffff,2405:204::,Jio,IN,405,840
2409:4055:68b::,2409:4055:68c:ffff:ffff:ffff:ffff:ffff,2409:4055::,Jio,IN,405,840
2806:2f0:5040::,2806:2f0:5040:ffff:ffff:ffff:ffff:ffff,2806:2f0:4000::,Telcel,MX,334,20
102.172.95.0,102.172.95.255,102.172.0.0,OOREDOO%20TN,TN,605,3
170.84.157.0,170.84.157.255,170.84.0.0,Oi,BR,724,30
60.227.50.0,60.227.50.255,60.227.0.0,Optus,AU,505,2
42.74.148.0,42.74.148.255,42.74.0.0,Chunghwa Telecom,TW,466,92
2a02:c7f:bc97::,2a02:c7f:bc98:ffff:ffff:ffff:ffff:ffff,2a02:c7f:8000::,Sky Broadband,GB,234,57
124.183.35.0,124.183.35.255,124.183.0.0,Vodafone,AU,505,3
45.187.162.0,45.187.162.255,45.187.0.0,Vivo,BR,724,6
196.73.26.0,196.73.27.255,196.73.0.0,IAM,MA,604,1
154.133.243.0,154.133.243.255,154.133.0.0,Mobinil,EG,602,1
105.34.145.0,105.34.145.255,105.34.0.0,Mobinil,EG,602,1
105.160.28.0,105.160.28.255,105.160.0.0,Safaricom,KE,639,2
31.206.29.0,31.206.29.255,31.206.0.0,Turkcell,TR,286,1
105.193.60.0,105.193.60.255,105.193.0.0,Mobinil,EG,602,1
2806:268:1401::,2806:268:1401:ffff:ffff:ffff:ffff:ffff,2806:268::,Unefon,MX,334,40
91.110.3.0,91.110.3.255,91.110.0.0,EE Mobile,GB,234,30
83.123.158.0,83.123.158.255,83.123.0.0,Mobile Communication Company of Iran,IR,432,11
102.9.237.0,102.9.238.255,102.9.0.0,Mobinil,EG,602,1
86.128.106.0,86.128.106.255,86.128.0.0,BT,GB,234,76
41.113.184.0,41.113.194.255,41.113.0.0,MTN SA,AF,412,40
2401:4900:190f::,2401:4900:190f:ffff:ffff:ffff:ffff:ffff,2401:4900::,Bharti Airtel,IN,470,07
185.246.211.0,185.246.211.255,185.246.0.0,3,GB,234,20
105.167.163.0,105.167.167.255,105.167.0.0,Safaricom,KE,639,2
77.133.194.0,77.133.194.255,77.133.0.0,SFR,FR,208,8
196.236.31.0,196.236.31.255,196.236.0.0,Orange,TN,605,1
106.206.15.0,106.206.15.255,106.206.0.0,AirTel,IN,404,2
101.190.3.0,101.190.3.255,101.190.0.0,Telstra,AU,505,1
188.223.192.0,188.223.192.255,188.223.0.0,Sky Broadband,GB,234,57
105.40.192.0,105.40.193.255,105.40.0.0,Orange,EG,602,1
93.33.163.0,93.33.163.255,93.33.0.0,Fastweb,IT,222,8
178.98.157.0,178.98.157.255,178.98.0.0,EE,GB,235,1
133.202.123.0,133.202.123.255,133.202.0.0,NTT Docomo,JP,440,10
151.37.192.0,151.37.192.255,151.37.0.0,WIND (Blu) -,IT,222,88
5.90.62.0,5.90.62.255,5.90.0.0,vodafone IT,IT,222,10
5.123.190.0,5.123.190.255,5.123.0.0,MTN Irancell,IR,432,35
94.153.74.0,94.153.74.255,94.153.0.0,Kyivstar PJSC,UA,255,03
126.186.53.0,126.186.191.255,126.186.0.0,SoftBank,JP,440,20
49.32.4.0,49.32.5.255,49.32.0.0,Jio,IN,405,840
46.123.0.0,46.123.127.255,46.123.0.0,A1,SI,293,40
31.49.83.0,31.49.83.255,31.49.0.0,BT,GB,234,76
37.161.180.0,37.161.180.255,37.161.0.0,Free,FR,208,15
5.119.223.0,5.119.231.255,5.119.0.0,MTN Irancell,IR,432,35
102.63.174.0,102.63.177.255,102.63.0.0,Etisalat,EG,602,3
1.41.118.0,1.41.118.255,1.41.0.0,Optus,AU,505,2
93.147.161.0,93.147.161.255,93.147.0.0,Vodafone,IT,222,6
126.166.138.0,126.166.143.255,126.166.0.0,SoftBank Mobile Corp,JP,441,1
105.138.44.0,105.138.44.255,105.138.0.0,IAM,MA,604,1
2401:4900:1b4d::,2401:4900:1b60:ffff:ffff:ffff:ffff:ffff,2401:4900::,AirTel,IN,404,2
151.38.1.0,151.38.1.255,151.38.0.0,WIND (Blu) -,IT,222,88
105.45.111.0,105.45.111.255,105.45.0.0,Mobinil,EG,602,1
31.82.139.0,31.82.139.255,31.82.0.0,EE Mobile,GB,234,30
47.31.244.0,47.31.247.255,47.31.0.0,Jio,IN,405,840
2804:214:861b::,2804:214:861b:ffff:ffff:ffff:ffff:ffff,2804:214:8000::,TIM,BR,724,2
151.254.59.0,151.254.59.255,151.254.0.0,SaudiNet,SA,420,01
84.9.9.0,84.9.9.255,84.9.0.0,Vodafone UK,GB,234,7
109.34.0.0,109.34.255.255,109.34.0.0,Vodafone,NL,204,4
5.116.164.0,5.116.164.255,5.116.0.0,MTN Irancell,IR,432,35
2603:8000:4006::,2603:8000:4006:ffff:ffff:ffff:ffff:ffff,2603:8000:4000::,Spectrum,US,312,500
105.95.81.0,105.95.89.255,105.95.0.0,Etisalat,EG,602,3
2a02:c7f:1c8c::,2a02:c7f:1c8c:ffff:ffff:ffff:ffff:ffff,2a02:c7f::,Sky Broadband,GB,234,57
154.142.199.0,154.142.199.255,154.142.0.0,Mobinil,EG,602,1
188.70.75.0,188.70.75.255,188.70.0.0,Ooredoo Kuwait,KW,419,03
2600:380:9ffc::,2600:380:9ffc:ffff:ffff:ffff:ffff:ffff,2600:380:8000::,AT&T,US,310,16
5.127.116.0,5.127.116.255,5.127.0.0,Iran Cell Service and Communication Company,IR,432,35
154.142.0.0,154.142.0.255,154.142.0.0,Etisalat,EG,602,3
41.5.158.0,41.5.162.255,41.5.0.0,Vodacom,ZA,655,1
37.172.194.0,37.172.194.255,37.172.0.0,Free,FR,208,15
2409:4050:2e1a::,2409:4050:2e1f:ffff:ffff:ffff:ffff:ffff,2409:4050::,Jio,IN,405,840
37.129.154.0,37.129.154.255,37.129.0.0,Mobile Communication Company of Iran,IR,432,11
86.186.20.0,86.186.20.255,86.186.0.0,BT,GB,234,76
176.200.67.0,176.200.73.255,176.200.0.0,TIM,IT,222,1
181.108.58.0,181.108.58.255,181.108.0.0,Personal,AR,722,34
2a02:587:b408::,2a02:587:b408:ffff:ffff:ffff:ffff:ffff,2a02:587:8000::,OTEnet S.A.,GR,202,03
102.107.18.0,102.107.24.255,102.107.0.0,OOREDOO%20TN,TN,605,3
45.98.141.0,45.98.145.255,45.98.0.0,Orange,EG,602,1
146.200.152.0,146.200.152.255,146.200.0.0,Plusnet,GB,234,00
2607:fc20:6cc0::,2607:fc20:6cc0:ffff:ffff:ffff:ffff:ffff,2607:fc20:4000::,T-Mobile,US,310,160
176.17.69.0,176.17.70.255,176.17.0.0,Mobily,SA,420,3
191.218.169.0,191.218.169.255,191.218.0.0,Brasil Telecom GSM,BR,724,16
109.150.84.0,109.150.84.255,109.150.0.0,BT,GB,234,76
60.35.177.0,60.35.177.255,60.35.0.0,NTT Docomo,JP,440,10
2a00:1fa0:8422::,2a00:1fa0:8423:ffff:ffff:ffff:ffff:ffff,2a00:1fa0:8000::,MTS,RU,250,1
191.135.224.0,191.135.239.255,191.135.0.0,TIM,BR,724,4
101.209.192.0,101.209.255.255,101.209.0.0,Aircel,IN,404,37
179.144.224.0,179.144.255.255,179.144.0.0,Vivo,BR,724,11
90.210.212.0,90.210.212.255,90.210.0.0,Sky Broadband,GB,234,57
106.130.200.0,106.130.219.255,106.130.0.0,au,JP,440,50
197.30.14.0,197.30.14.255,197.30.0.0,Orange,TN,605,1
2a00:1fa1:4240::,2a00:1fa1:4240:ffff:ffff:ffff:ffff:ffff,2a00:1fa1:4000::,MTS PJSC,RU,251,01
189.113.48.0,189.113.51.255,189.113.0.0,TIM,BR,724,2
106.202.82.0,106.202.82.255,106.202.0.0,AirTel,IN,404,2
167.108.0.0,167.108.15.255,167.108.0.0,Antel,UY,748,1
160.165.165.0,160.165.165.255,160.165.0.0,Maroc Telecom,MA,604,1
153.248.24.0,153.248.24.255,153.248.0.0,NTT Docomo,JP,440,10
138.219.242.0,138.219.242.255,138.219.0.0,Oi,BR,724,30
2409:4043:597::,2409:4043:597:ffff:ffff:ffff:ffff:ffff,2409:4043::,Jio,IN,405,840
105.136.215.0,105.136.215.255,105.136.0.0,IAM,MA,604,1
37.36.75.0,37.36.85.255,37.36.0.0,zain KW,KW,419,2
188.238.2.0,188.238.2.255,188.238.0.0,Telia,FI,244,91
2409:4064:793::,2409:4064:793:ffff:ffff:ffff:ffff:ffff,2409:4064::,Jio,IN,405,840
197.195.213.0,197.195.214.255,197.195.0.0,Etisalat,EG,602,3
191.218.186.0,191.218.186.255,191.218.0.0,Brasil Telecom GSM,BR,724,16
202.168.84.0,202.168.85.255,202.168.0.0,Jio,IN,405,840
2607:fb90:7033::,2607:fb90:7036:ffff:ffff:ffff:ffff:ffff,2607:fb90:4000::,T-Mobile,US,310,160
2607:fb90:e68e::,2607:fb90:e68f:ffff:ffff:ffff:ffff:ffff,2607:fb90:c000::,T-Mobile,US,310,160
186.193.182.0,186.193.183.255,186.193.0.0,Vivo,BR,724,6
5.41.139.0,5.41.141.255,5.41.0.0,SaudiNet,SA,420,01
41.48.80.0,41.48.81.255,41.48.0.0,Cell%20C,ZA,655,7
2409:4070:4383::,2409:4070:4383:ffff:ffff:ffff:ffff:ffff,2409:4070:4000::,Jio,IN,405,840
2405:205:c946::,2405:205:c94f:ffff:ffff:ffff:ffff:ffff,2405:205:c000::,Jio,IN,405,840
110.26.232.0,110.26.255.255,110.26.0.0,FarEasTone,TW,466,1
2600:380:a0e5::,2600:380:a0ed:ffff:ffff:ffff:ffff:ffff,2600:380:8000::,AT&T,US,310,16
105.45.199.0,105.45.199.255,105.45.0.0,Mobinil,EG,602,1
129.45.14.0,129.45.16.255,129.45.0.0,Optimum-Telecom-Algeria,DZ,603,02
197.16.117.0,197.16.118.255,197.16.0.0,OOREDOO%20TN,TN,605,3
105.192.181.0,105.192.182.255,105.192.0.0,Mobinil,EG,602,1
2a02:c7f:610::,2a02:c7f:610:ffff:ffff:ffff:ffff:ffff,2a02:c7f::,Sky Broadband,GB,234,57
2a00:1fa0:46d4::,2a00:1fa0:46e2:ffff:ffff:ffff:ffff:ffff,2a00:1fa0:4000::,MTS,RU,250,1
154.129.118.0,154.129.119.255,154.129.0.0,Orange,EG,602,1
105.47.36.0,105.47.36.255,105.47.0.0,Mobinil,EG,602,1
5.126.48.0,5.126.48.255,5.126.0.0,Iran Cell Service and Communication Company,IR,432,35
102.148.129.0,102.148.129.255,102.148.0.0,Airtel Zambia,ZM,645,1
109.83.77.0,109.83.87.255,109.83.0.0,Mobily,SA,420,3
178.226.0.0,178.226.255.255,178.226.0.0,T-Mobile (BEN),NL,204,16
82.130.172.0,82.130.175.255,82.130.0.0,Orange,ES,214,3
2600:100e:1000::,2600:100e:1002:ffff:ffff:ffff:ffff:ffff,2600:100e::,Verizon,US,310,4
90.49.193.0,90.49.193.255,90.49.0.0,Orange,FR,208,1
2a02:c7f:6e99::,2a02:c7f:6e99:ffff:ffff:ffff:ffff:ffff,2a02:c7f:4000::,Sky Broadband,GB,234,57
93.169.105.0,93.169.105.255,93.169.0.0,Al Jawal (STC ),SA,420,1
2001:e60:a725::,2001:e60:a725:ffff:ffff:ffff:ffff:ffff,2001:e60:8000::,Korea Telecom,KR,450,05
45.98.34.0,45.98.34.255,45.98.0.0,Mobinil,EG,602,1
37.162.110.0,37.162.113.255,37.162.0.0,Free,FR,208,15
86.247.108.0,86.247.108.255,86.247.0.0,Free%20Mobile,FR,208,15
86.156.136.0,86.156.136.255,86.156.0.0,BT,GB,234,76
86.156.46.0,86.156.46.255,86.156.0.0,BT,GB,234,76
217.196.161.0,217.196.161.255,217.196.0.0,Kyivstar,UA,255,2
2001:ee0:55a9::,2001:ee0:55aa:ffff:ffff:ffff:ffff:ffff,2001:ee0:4000::,Vinaphone,VN,452,2
5.208.163.0,5.208.163.255,5.208.0.0,Mobile Communication Company of Iran PLC,IR,432,11
95.184.90.0,95.184.91.255,95.184.0.0,SaudiNet,SA,420,01
154.189.36.0,154.189.37.255,154.189.0.0,Etisalat,EG,602,3
45.103.227.0,45.103.228.255,45.103.0.0,Mobinil,EG,602,1
92.253.28.0,92.253.30.255,92.253.0.0,zain%20JO,JO,416,1
2402:7500:5dd::,2402:7500:5dd:ffff:ffff:ffff:ffff:ffff,2402:7500::,Taiwan Mobile,TW,466,97
2a00:1fa3:659::,2a00:1fa3:664:ffff:ffff:ffff:ffff:ffff,2a00:1fa3::,MTS,RU,250,1
110.142.217.0,110.142.217.255,110.142.0.0,Telstra,AU,505,1
101.191.44.0,101.191.44.255,101.191.0.0,Telstra,AU,505,1
154.184.171.0,154.184.171.255,154.184.0.0,Mobinil,EG,602,1
46.190.30.0,46.190.30.255,46.190.0.0,Wind Hellas Telecommunications SA,GR,202,10
102.108.25.0,102.108.26.255,102.108.0.0,OOREDOO%20TN,TN,605,3
126.208.208.0,126.208.208.255,126.208.0.0,SoftBank,JP,441,1
2401:4900:3302::,2401:4900:3303:ffff:ffff:ffff:ffff:ffff,2401:4900::,Bharti Airtel,IN,470,07
2804:214:8147::,2804:214:8149:ffff:ffff:ffff:ffff:ffff,2804:214:8000::,TIM,BR,724,2
2601:548:c101::,2601:548:c101:ffff:ffff:ffff:ffff:ffff,2601:548:c000::,AT&T,US,310,16
187.161.168.0,187.161.171.255,187.161.0.0,Telcel,MX,334,20
213.139.49.0,213.139.49.255,213.139.0.0,Orange,JO,416,77
101.212.192.0,101.212.223.255,101.212.0.0,Airtel,IN,405,55
197.26.238.0,197.26.238.255,197.26.0.0,Orange,TN,605,1
2402:3a80:1a75::,2402:3a80:1a75:ffff:ffff:ffff:ffff:ffff,2402:3a80::,IDEA,IN,404,4
5.126.140.0,5.126.143.255,5.126.0.0,Iran Cell Service and Communication Company,IR,432,35
160.170.21.0,160.170.21.255,160.170.0.0,IAM,MA,604,1
176.203.85.0,176.203.85.255,176.203.0.0,OOREDOO,MM,414,5
196.110.94.0,196.110.94.255,196.110.0.0,Safaricom,KE,639,1
80.11.42.0,80.11.42.255,80.11.0.0,Orange,FR,208,1
200.110.100.0,200.110.101.255,200.110.0.0,Claro,BR,724,5
2402:8100:30a8::,2402:8100:30a8:ffff:ffff:ffff:ffff:ffff,2402:8100::,Vodafone Idea,IN,404,01
2a02:c7e:e00::,2a02:c7e:e00:ffff:ffff:ffff:ffff:ffff,2a02:c7e::,Sky Broadband,GB,234,57
46.38.85.0,46.38.85.255,46.38.0.0,Zain%20SA,SA,420,4
2601:c3:100::,2601:c3:100:ffff:ffff:ffff:ffff:ffff,2601:c3::,T-Mobile,US,310,53
41.6.114.0,41.6.120.255,41.6.0.0,Vodacom,ZA,655,1
95.186.109.0,95.186.110.255,95.186.0.0,SaudiNet,SA,420,01
154.111.229.0,154.111.229.255,154.111.0.0,OOREDOO TN,TN,605,3
2409:4042:268f::,2409:4042:2692:ffff:ffff:ffff:ffff:ffff,2409:4042::,Jio,IN,405,840
2401:4900:5116::,2401:4900:5117:ffff:ffff:ffff:ffff:ffff,2401:4900:4000::,AirTel,IN,404,2
176.40.231.0,176.40.231.255,176.40.0.0,Vodafone,TR,286,2
37.210.71.0,37.210.71.255,37.210.0.0,ooredoo,QA,427,1
46.208.215.0,46.208.215.255,46.208.0.0,Plusnet,GB,234,00
5.246.135.0,5.246.135.255,5.246.0.0,Mobily,SA,420,3
197.16.144.0,197.16.149.255,197.16.0.0,OOREDOO%20TN,TN,605,3
2600:1700:1822::,2600:1700:1822:ffff:ffff:ffff:ffff:ffff,2600:1700::,T-Mobile,US,310,53
42.73.46.0,42.73.51.255,42.73.0.0,Chunghwa,TW,466,92
2a02:c7f:7e6c::,2a02:c7f:7e6c:ffff:ffff:ffff:ffff:ffff,2a02:c7f:4000::,Sky Broadband,GB,234,57
105.35.153.0,105.35.154.255,105.35.0.0,Mobinil,EG,602,1
2409:4072:10b::,2409:4072:10d:ffff:ffff:ffff:ffff:ffff,2409:4072::,Jio,IN,405,840
2600:380:bc64::,2600:380:bc68:ffff:ffff:ffff:ffff:ffff,2600:380:8000::,AT&T,US,310,16
2a02:a44f:3eec::,2a02:a44f:3eec:ffff:ffff:ffff:ffff:ffff,2a02:a44f::,KPN,NL,204,8
2a00:1fa0:a04::,2a00:1fa0:a04:ffff:ffff:ffff:ffff:ffff,2a00:1fa0::,MTS,RU,250,1
41.48.89.0,41.48.89.255,41.48.0.0,Cell%20C,ZA,655,7
197.29.156.0,197.29.158.255,197.29.0.0,Orange,TN,605,1
2a02:8440:310b::,2a02:8440:310b:ffff:ffff:ffff:ffff:ffff,2a02:8440::,SFR,FR,208,8
2a02:c7f:c204::,2a02:c7f:c204:ffff:ffff:ffff:ffff:ffff,2a02:c7f:c000::,Sky Broadband,GB,234,57
201.201.215.0,201.201.215.255,201.201.0.0,Grupo ICE,CR,712,01
2401:4900:33c2::,2401:4900:33c2:ffff:ffff:ffff:ffff:ffff,2401:4900::,AirTel,IN,404,2
2402:800:440e::,2402:800:440e:ffff:ffff:ffff:ffff:ffff,2402:800:4000::,Viettel Group,VN,452,04
176.201.38.0,176.201.40.255,176.201.0.0,TIM,IT,222,1
5.106.93.0,5.106.93.255,5.106.0.0,Mobile Communication Company of Iran,IR,432,11
102.9.249.0,102.9.249.255,102.9.0.0,Mobinil,EG,602,1
109.143.144.0,109.143.145.255,109.143.0.0,Proximus,BE,206,1
2600:380:a1d3::,2600:380:a1d8:ffff:ffff:ffff:ffff:ffff,2600:380:8000::,AT&T,US,310,16
166.188.0.0,166.188.255.255,166.188.0.0,AT&T,US,310,410
5.218.103.0,5.218.106.255,5.218.0.0,IR-TCI (Hamrah-e-Avval),IR,432,11
196.82.154.0,196.82.155.255,196.82.0.0,IAM,MA,604,1
94.129.75.0,94.129.75.255,94.129.0.0,Viva Kuwait,KW,419,04
2601:246:cf01::,2601:246:cf01:ffff:ffff:ffff:ffff:ffff,2601:246:c000::,T-Mobile,US,310,160
5.169.132.0,5.169.132.255,5.169.0.0,Telecom Italia Mobile,IT,220,01
94.122.32.0,94.122.32.255,94.122.0.0,Turkcell,TR,286,1
154.132.219.0,154.132.219.255,154.132.0.0,Mobinil,EG,602,1
197.19.249.0,197.19.249.255,197.19.0.0,OOREDOO TN,TN,605,3
105.205.132.0,105.205.137.255,105.205.0.0,Etisalat,EG,602,3
106.215.161.0,106.215.161.255,106.215.0.0,Airtel,GB,234,3
153.140.86.0,153.140.86.255,153.140.0.0,NTT Docomo,JP,440,10
176.200.40.0,176.200.41.255,176.200.0.0,TIM,IT,222,1
217.44.200.0,217.44.200.255,217.44.0.0,BT,GB,234,76
2a02:c7f:9cd4::,2a02:c7f:9cd5:ffff:ffff:ffff:ffff:ffff,2a02:c7f:8000::,Sky Broadband,GB,234,57
5.156.23.0,5.156.23.255,5.156.0.0,SaudiNet,SA,420,01
151.135.184.0,151.135.184.255,151.135.0.0,Turk Telekom,TR,286,3
2a00:23c6:a89a::,2a00:23c6:a89a:ffff:ffff:ffff:ffff:ffff,2a00:23c6:8000::,BT,GB,234,76
41.115.3.0,41.115.3.255,41.115.0.0,MTN,ZA,655,10
2a00:1fa1:23c::,2a00:1fa1:23c:ffff:ffff:ffff:ffff:ffff,2a00:1fa1::,MTS PJSC,RU,251,01
2a02:1205:505b::,2a02:1205:505b:ffff:ffff:ffff:ffff:ffff,2a02:1205:4000::,Sunrise,CH,228,2
2607:fb90:e394::,2607:fb90:e394:ffff:ffff:ffff:ffff:ffff,2607:fb90:c000::,T-Mobile,US,310,160
2409:4043:211d::,2409:4043:211d:ffff:ffff:ffff:ffff:ffff,2409:4043::,Jio,IN,405,840
154.137.130.0,154.137.131.255,154.137.0.0,Mobinil,EG,602,1
94.47.71.0,94.47.74.255,94.47.0.0,Syriatel,SY,417,1
2401:4900:5041::,2401:4900:5041:ffff:ffff:ffff:ffff:ffff,2401:4900:4000::,Airtel,GB,234,3
93.38.255.0,93.38.255.255,93.38.0.0,WIND (Blu) -,IT,222,88
37.211.193.0,37.211.194.255,37.211.0.0,OOREDOO,MM,414,5
2a02:c7f:5c20::,2a02:c7f:5c20:ffff:ffff:ffff:ffff:ffff,2a02:c7f:4000::,Sky Broadband,GB,234,57
2607:fb90:f644::,2607:fb90:f644:ffff:ffff:ffff:ffff:ffff,2607:fb90:c000::,T-Mobile,US,310,160
46.51.66.0,46.51.75.255,46.51.0.0,IR-TCI (Hamrah-e-Avval),IR,432,11
2804:388:6090::,2804:388:609a:ffff:ffff:ffff:ffff:ffff,2804:388:4000::,Claro,BR,724,5
2607:fb90:249d::,2607:fb90:249d:ffff:ffff:ffff:ffff:ffff,2607:fb90::,T-Mobile,US,310,53
186.12.48.0,186.12.48.255,186.12.0.0,Claro,AR,722,310
196.239.187.0,196.239.187.255,196.239.0.0,Orange,TN,605,1
197.188.220.0,197.188.220.255,197.188.0.0,MTC,NA,649,1
105.131.0.0,105.131.63.255,105.131.0.0,IAM,MA,604,1
2a02:c7f:22fb::,2a02:c7f:22fb:ffff:ffff:ffff:ffff:ffff,2a02:c7f::,Sky Broadband,GB,234,57
2402:1980:29d::,2402:1980:29f:ffff:ffff:ffff:ffff:ffff,2402:1980::,DiGi,MY,502,16
2409:4052:60c::,2409:4052:60c:ffff:ffff:ffff:ffff:ffff,2409:4052::,Jio,IN,405,840
2409:4030:4e12::,2409:4030:4e13:ffff:ffff:ffff:ffff:ffff,2409:4030:4000::,Jio,IN,405,840
2a02:c7f:1e5b::,2a02:c7f:1e5b:ffff:ffff:ffff:ffff:ffff,2a02:c7f::,Sky Broadband,GB,234,57
2409:4043:220e::,2409:4043:220e:ffff:ffff:ffff:ffff:ffff,2409:4043::,Jio,IN,405,840
151.18.196.0,151.18.196.255,151.18.0.0,Wind,IT,222,88
31.48.166.0,31.48.166.255,31.48.0.0,BT,GB,234,76
151.19.193.0,151.19.193.255,151.19.0.0,Wind,IT,222,88
105.148.192.0,105.148.217.255,105.148.0.0,IAM,MA,604,1
2001:ee0:264::,2001:ee0:264:ffff:ffff:ffff:ffff:ffff,2001:ee0::,VNPT,VN,452,02
5.29.60.0,5.29.60.255,5.29.0.0,HOTnet,IL,425,07
154.142.134.0,154.142.138.255,154.142.0.0,Mobinil,EG,602,1
166.229.192.0,166.229.223.255,166.229.0.0,U.S. Cellular,US,311,220
154.143.141.0,154.143.144.255,154.143.0.0,Mobinil,EG,602,1
5.25.155.0,5.25.158.255,5.25.0.0,Turkcell,TR,286,1
102.78.158.0,102.78.173.255,102.78.0.0,IAM,MA,604,1
5.52.159.0,5.52.161.255,5.52.0.0,Mobile Communication Company of Iran PLC,IR,432,11
2409:4060:390::,2409:4060:391:ffff:ffff:ffff:ffff:ffff,2409:4060::,Jio,IN,405,840
2a00:1fa1:414d::,2a00:1fa1:414e:ffff:ffff:ffff:ffff:ffff,2a00:1fa1:4000::,MTS,RU,250,1
156.0.212.0,156.0.214.255,156.0.0.0,Moov Benin,BJ,616,02
101.166.105.0,101.166.105.255,101.166.0.0,Vodafone,AU,505,3
154.135.101.0,154.135.101.255,154.135.0.0,Etisalat,EG,602,3
201.141.112.0,201.141.115.255,201.141.0.0,Telcel,MX,334,20
2.53.148.0,2.53.151.255,2.53.0.0,Orange Israel,IL,425,01
126.168.164.0,126.168.165.255,126.168.0.0,SoftBank Mobile Corp,JP,441,1
46.106.0.0,46.106.143.255,46.106.0.0,Vodafone,TR,286,2
105.51.0.0,105.51.255.255,105.51.0.0,Safaricom,KE,639,2
2405:204:a09b::,2405:204:a09b:ffff:ffff:ffff:ffff:ffff,2405:204:8000::,Jio,IN,405,840
2401:4900:1718::,2401:4900:171e:ffff:ffff:ffff:ffff:ffff,2401:4900::,Airtel,GB,234,3
2600:380:68d5::,2600:380:68d6:ffff:ffff:ffff:ffff:ffff,2600:380:4000::,AT&T,US,310,16
85.101.120.0,85.101.120.255,85.101.0.0,Avea,TR,286,4
197.16.0.0,197.16.0.255,197.16.0.0,OOREDOO%20TN,TN,605,3
2603:6011:a700::,2603:6011:a700:ffff:ffff:ffff:ffff:ffff,2603:6011:8000::,Spectrum,US,312,500
105.181.57.0,105.181.59.255,105.181.0.0,Orange,EG,602,1
86.180.109.0,86.180.109.255,86.180.0.0,BT,GB,234,76
106.223.24.0,106.223.24.255,106.223.0.0,airtel,IN,404,10
105.39.11.0,105.39.11.255,105.39.0.0,Mobinil,EG,602,1
197.77.0.0,197.77.255.255,197.77.0.0,MTN,ZA,655,10
1.123.157.0,1.123.162.255,1.123.0.0,Telstra,AU,505,1
2607:fb90:7db9::,2607:fb90:7dbf:ffff:ffff:ffff:ffff:ffff,2607:fb90:4000::,T-Mobile,US,310,160
31.219.24.0,31.219.24.255,31.219.0.0,Etisalat,AF,412,50
2409:4072:69d::,2409:4072:69f:ffff:ffff:ffff:ffff:ffff,2409:4072::,Jio,IN,405,840
191.216.94.0,191.216.95.255,191.216.0.0,Oi,BR,724,30
105.192.165.0,105.192.167.255,105.192.0.0,Orange,EG,602,1
42.106.5.0,42.106.5.255,42.106.0.0,Vodafone India,IN,404,1
190.87.162.0,190.87.162.255,190.87.0.0,movistar,SV,706,4
90.247.230.0,90.247.230.255,90.247.0.0,Vodafone UK,GB,234,7
105.36.212.0,105.36.213.255,105.36.0.0,Mobinil,EG,602,1
217.42.219.0,217.42.219.255,217.42.0.0,BT,GB,234,76
37.168.28.0,37.168.28.255,37.168.0.0,Lliad/FREE Mobile,FR,208,15
2804:14d:32b2::,2804:14d:32b2:ffff:ffff:ffff:ffff:ffff,2804:14d::,Vivo,BR,724,6
154.111.86.0,154.111.87.255,154.111.0.0,OOREDOO%20TN,TN,605,3
102.168.237.0,102.168.237.255,102.168.0.0,OOREDOO%20TN,TN,605,3
2600:6c44:6900::,2600:6c44:6900:ffff:ffff:ffff:ffff:ffff,2600:6c44:4000::,Spectrum,US,312,500
2401:4900:4d0b::,2401:4900:4d0b:ffff:ffff:ffff:ffff:ffff,2401:4900:4000::,AirTel,IN,404,2
151.37.69.0,151.37.69.255,151.37.0.0,Wind,IT,222,88
126.156.236.0,126.156.237.255,126.156.0.0,SoftBank,JP,441,1
37.217.156.0,37.217.156.255,37.217.0.0,Mobily,SA,420,3
187.180.185.0,187.180.186.255,187.180.0.0,Vivo,BR,724,6
86.177.44.0,86.177.44.255,86.177.0.0,BT,GB,234,76
46.216.225.0,46.216.247.255,46.216.0.0,MTS,BY,257,2
2803:9800:a091::,2803:9800:a091:ffff:ffff:ffff:ffff:ffff,2803:9800:8000::,Claro,AR,722,310
176.220.107.0,176.220.125.255,176.220.0.0,Avea,TR,286,4
62.19.100.0,62.19.104.255,62.19.0.0,Telecom Italia Mobile,IT,220,01
106.204.49.0,106.204.49.255,106.204.0.0,airtel,IN,404,96
2409:4002:e16::,2409:4002:e16:ffff:ffff:ffff:ffff:ffff,2409:4002::,Jio,IN,405,840
2409:4042:239a::,2409:4042:239c:ffff:ffff:ffff:ffff:ffff,2409:4042::,Jio,IN,405,840
188.196.66.0,188.196.79.255,188.196.0.0,Mobitel,SI,293,41
179.241.212.0,179.241.212.255,179.241.0.0,Vivo S.A./Telemig,BR,724,6
45.218.0.0,45.218.255.255,45.218.0.0,Orange Morocco,MA,604,""
191.148.0.0,191.148.255.255,191.148.0.0,Claro,CO,732,101
5.209.8.0,5.209.8.255,5.209.0.0,IR-TCI (Hamrah-e-Avval),IR,432,11
93.169.153.0,93.169.154.255,93.169.0.0,SaudiNet,SA,420,01
2600:1017:d00a::,2600:1017:d00b:ffff:ffff:ffff:ffff:ffff,2600:1017:c000::,Verizon Wireless,US,310,4
154.148.3.0,154.148.4.255,154.148.0.0,IAM,MA,604,1
2405:205:130d::,2405:205:130f:ffff:ffff:ffff:ffff:ffff,2405:205::,Jio,IN,405,840
41.59.81.0,41.59.81.255,41.59.0.0,TTCL Mobile,TZ,640,7
2401:4900:311d::,2401:4900:311f:ffff:ffff:ffff:ffff:ffff,2401:4900::,Airtel,GB,234,3
112.198.207.0,112.198.207.255,112.198.0.0,Globe,PH,515,2
160.158.251.0,160.158.251.255,160.158.0.0,Orange,TN,605,1
179.42.9.0,179.42.9.255,179.42.0.0,Claro,BR,724,5
2401:4900:198a::,2401:4900:198a:ffff:ffff:ffff:ffff:ffff,2401:4900::,AirTel,IN,404,2
77.164.69.0,77.164.69.255,77.164.0.0,KPN,NL,204,8
90.118.49.0,90.118.49.255,90.118.0.0,Orange,FR,208,1
105.183.163.0,105.183.163.255,105.183.0.0,Orange,EG,602,1
154.186.71.0,154.186.73.255,154.186.0.0,Etisalat,EG,602,3
62.18.31.0,62.18.31.255,62.18.0.0,Telecom Italia Mobile,IT,220,01
109.240.154.0,109.240.163.255,109.240.0.0,Telia,FI,244,91
157.34.239.0,157.34.239.255,157.34.0.0,Jio,IN,405,840
186.188.114.0,186.188.114.255,186.188.0.0,Inter Venezuela,VE,734,02
95.223.75.0,95.223.75.255,95.223.0.0,Vodafone Germany,DE,262,02
197.30.26.0,197.30.46.255,197.30.0.0,Orange,TN,605,1
102.25.189.0,102.25.189.255,102.25.0.0,Tunicell,TN,605,2
2409:4072:630f::,2409:4072:630f:ffff:ffff:ffff:ffff:ffff,2409:4072:4000::,Jio,IN,405,840
45.101.42.0,45.101.43.255,45.101.0.0,Mobinil,EG,602,1
217.165.160.0,217.165.160.255,217.165.0.0,Etisalat,AE,424,2
196.143.0.0,196.143.255.255,196.143.0.0,Vodafone,EG,602,2
126.161.10.0,126.161.15.255,126.161.0.0,SoftBank Mobile Corp,JP,441,1
105.45.97.0,105.45.97.255,105.45.0.0,Mobinil,EG,602,1
2a00:23c5:897::,2a00:23c5:898:ffff:ffff:ffff:ffff:ffff,2a00:23c5::,BT,GB,234,76
46.132.110.0,46.132.110.255,46.132.0.0,Telia Finland Oyj,FI,244,91
80.189.216.0,80.189.216.255,80.189.0.0,Plusnet,GB,234,00
190.76.192.0,190.76.255.255,190.76.0.0,Movilnet,VE,734,6
2.55.26.0,2.55.28.255,2.55.0.0,Orange Israel,IL,425,01
191.30.0.0,191.30.218.255,191.30.0.0,Vivo,BR,724,10
5.127.20.0,5.127.21.255,5.127.0.0,MTN Irancell,IR,432,35
185.128.124.0,185.128.124.255,185.128.0.0,Touch,LB,415,3
154.105.228.0,154.105.228.255,154.105.0.0,OOREDOO%20TN,TN,605,3
2a00:23c4:5d84::,2a00:23c4:5d84:ffff:ffff:ffff:ffff:ffff,2a00:23c4:4000::,BT,GB,234,76
2401:4900:4e18::,2401:4900:4e1b:ffff:ffff:ffff:ffff:ffff,2401:4900:4000::,AirTel,IN,404,2
154.57.200.0,154.57.200.255,154.57.0.0,MTN,AF,412,40
2804:38a:a04b::,2804:38a:a04b:ffff:ffff:ffff:ffff:ffff,2804:38a:8000::,Claro,BR,724,5
2001:44c8:4817::,2001:44c8:4819:ffff:ffff:ffff:ffff:ffff,2001:44c8:4000::,AIS,TH,520,1
2607:fb90:9943::,2607:fb90:9944:ffff:ffff:ffff:ffff:ffff,2607:fb90:8000::,T-Mobile,US,310,160
105.152.119.0,105.152.119.255,105.152.0.0,Maroc Telecom,MA,604,1
2a02:587:d712::,2a02:587:d712:ffff:ffff:ffff:ffff:ffff,2a02:587:c000::,Cosmote,GR,202,1
109.47.0.0,109.47.255.255,109.47.0.0,Vodafone,DE,262,2
115.76.55.0,115.76.55.255,115.76.0.0,Viettel Mobile,VN,452,4
2a02:c7f:9e01::,2a02:c7f:9e01:ffff:ffff:ffff:ffff:ffff,2a02:c7f:8000::,Sky Broadband,GB,234,57
46.6.196.0,46.6.196.255,46.6.0.0,Yoigo,ES,214,4
2601:cb:2::,2601:cb:2:ffff:ffff:ffff:ffff:ffff,2601:cb::,Verizon,US,310,4
86.144.168.0,86.144.168.255,86.144.0.0,BT,GB,234,76
185.3.54.0,185.3.54.255,185.3.0.0,JT,JE,234,50
94.203.200.0,94.203.207.255,94.203.0.0,du,AE,424,3
197.180.37.0,197.180.165.255,197.180.0.0,Safaricom,KE,639,2
2a00:23c5:420e::,2a00:23c5:420e:ffff:ffff:ffff:ffff:ffff,2a00:23c5:4000::,BT,GB,234,76
154.133.120.0,154.133.121.255,154.133.0.0,Orange,EG,602,1
37.164.234.0,37.164.234.255,37.164.0.0,Bouygues,FR,208,20
2607:fb90:e33b::,2607:fb90:e33b:ffff:ffff:ffff:ffff:ffff,2607:fb90:c000::,T-Mobile,US,310,160
45.99.109.0,45.99.111.255,45.99.0.0,Mobinil,EG,602,1
42.73.198.0,42.73.202.255,42.73.0.0,Chunghwa,TW,466,92
188.198.107.0,188.198.108.255,188.198.0.0,"Telekom Slovenije, d.d.",SI,293,41
2a00:1fa0:a7e::,2a00:1fa0:a7e:ffff:ffff:ffff:ffff:ffff,2a00:1fa0::,MTS,RU,250,1
87.202.127.0,87.202.127.255,87.202.0.0,Cosmote,GR,202,1
170.78.83.0,170.78.83.255,170.78.0.0,Oi,BR,724,30
62.19.110.0,62.19.110.255,62.19.0.0,Telecom Italia Mobile,IT,220,01
2401:4900:596b::,2401:4900:596c:ffff:ffff:ffff:ffff:ffff,2401:4900:4000::,Airtel,GB,234,3
2607:fb90:e57e::,2607:fb90:e57e:ffff:ffff:ffff:ffff:ffff,2607:fb90:c000::,T-Mobile,US,310,53
112.228.0.0,112.228.255.255,112.228.0.0,China Unicom,CN,460,1
2607:fb90:e078::,2607:fb90:e078:ffff:ffff:ffff:ffff:ffff,2607:fb90:c000::,T-Mobile,US,310,160
2401:4900:3a03::,2401:4900:3a03:ffff:ffff:ffff:ffff:ffff,2401:4900::,Airtel,GB,234,3
84.82.119.0,84.82.119.255,84.82.0.0,KPN,NL,204,8
105.153.8.0,105.153.8.255,105.153.0.0,IAM,MA,604,1
49.36.155.0,49.36.155.255,49.36.0.0,AirTel,IN,404,2
1.41.226.0,1.41.226.255,1.41.0.0,Optus,AU,505,2
2409:4053:219a::,2409:4053:219b:ffff:ffff:ffff:ffff:ffff,2409:4053::,Jio,IN,405,840
190.238.100.0,190.238.100.255,190.238.0.0,Claro,PE,716,10
2a02:2f01:7602::,2a02:2f01:7602:ffff:ffff:ffff:ffff:ffff,2a02:2f01:4000::,Digi Romania,RO,226,05
89.198.21.0,89.198.22.255,89.198.0.0,IR-TCI (Hamrah-e-Avval),IR,432,11
5.52.101.0,5.52.104.255,5.52.0.0,Mobile Communication Company of Iran PLC,IR,432,11
85.26.186.0,85.26.186.255,85.26.0.0,MegaFon,RU,250,2
41.191.104.0,41.191.105.255,41.191.0.0,Cellcom,LR,618,7
178.109.97.0,178.109.118.255,178.109.0.0,T-Mobile UK,GB,234,30
5.126.210.0,5.126.210.255,5.126.0.0,Iran Cell Service and Communication Company,IR,432,35
2603:6010:c902::,2603:6010:c902:ffff:ffff:ffff:ffff:ffff,2603:6010:c000::,T-Mobile,US,310,53
105.45.231.0,105.45.231.255,105.45.0.0,Mobinil,EG,602,1
89.198.151.0,89.198.152.255,89.198.0.0,IR-TCI (Hamrah-e-Avval),IR,432,11
83.120.163.0,83.120.163.255,83.120.0.0,Mobile Communication Company of Iran PLC,IR,432,11
2a02:c7f:424::,2a02:c7f:424:ffff:ffff:ffff:ffff:ffff,2a02:c7f::,Sky Broadband,GB,234,57
2.31.221.0,2.31.221.255,2.31.0.0,EE,GB,235,1
160.158.124.0,160.158.126.255,160.158.0.0,Orange,TN,605,1
213.4.181.0,213.4.181.255,213.4.0.0,Movistar,ES,214,7
105.46.151.0,105.46.151.255,105.46.0.0,Mobinil,EG,602,1
154.189.216.0,154.189.217.255,154.189.0.0,Etisalat,EG,602,3
86.135.92.0,86.135.92.255,86.135.0.0,BT,GB,234,76
160.77.176.0,160.77.177.255,160.77.0.0,IAM,MA,604,1
80.12.254.0,80.12.254.255,80.12.0.0,Orange,FR,208,1
2405:204:959b::,2405:204:959b:ffff:ffff:ffff:ffff:ffff,2405:204:8000::,Jio,IN,405,840
187.26.74.0,187.26.239.255,187.26.0.0,Claro,BR,724,5
2804:389:1028::,2804:389:102a:ffff:ffff:ffff:ffff:ffff,2804:389::,Claro,BR,724,5
2409:4051:2e12::,2409:4051:2e12:ffff:ffff:ffff:ffff:ffff,2409:4051::,Jio,IN,405,840
201.141.76.0,201.141.78.255,201.141.0.0,Telcel,MX,334,20
102.170.182.0,102.170.182.255,102.170.0.0,OOREDOO%20TN,TN,605,3
197.17.131.0,197.17.132.255,197.17.0.0,OOREDOO%20TN,TN,605,3
2a00:1fa3:618::,2a00:1fa3:619:ffff:ffff:ffff:ffff:ffff,2a00:1fa3::,MTS,RU,250,1
187.190.138.0,187.190.138.255,187.190.0.0,Telcel,MX,334,20
2409:4073:19d::,2409:4073:19e:ffff:ffff:ffff:ffff:ffff,2409:4073::,Jio,IN,405,840
