start_ip,end_ip,join_key,hosting,proxy,tor,vpn,relay,service
185.190.92.214,185.190.92.214,185.190.0.0,,,,true,,
188.255.39.35,188.255.39.35,188.255.0.0,,,,true,,
185.89.155.186,185.89.155.186,185.89.0.0,,,,true,,
176.197.5.238,176.197.5.238,176.197.0.0,,,,true,,
175.8.108.245,175.8.108.245,175.8.0.0,,,,true,,
178.251.181.41,178.251.181.41,178.251.0.0,,,,true,,
183.242.77.18,183.242.77.18,183.242.0.0,,,,true,,
185.28.250.207,185.28.250.209,185.28.0.0,true,,,,,
180.124.126.29,180.124.126.29,180.124.0.0,,,,true,,
185.47.52.226,185.47.52.229,185.47.0.0,,,,true,,
180.46.132.101,180.46.132.101,180.46.0.0,,,,true,,
184.68.236.90,184.68.236.90,184.68.0.0,,,,true,,
185.202.17.172,185.202.17.172,185.202.0.0,,,,true,,
176.197.146.26,176.197.146.26,176.197.0.0,,,,true,,
193.30.245.210,193.30.245.255,193.30.0.0,true,,,,,
187.188.192.146,187.188.192.146,187.188.0.0,,,,true,,
18.134.40.138,18.134.40.138,18.134.0.0,true,,,true,,
188.40.206.121,188.40.206.121,188.40.0.0,true,,,true,,
185.65.11.130,185.65.11.130,185.65.0.0,,,,true,,
185.217.168.138,185.217.168.138,185.217.0.0,true,,,true,,
175.215.197.230,175.215.197.230,175.215.0.0,,,,true,,
177.124.77.113,177.124.77.113,177.124.0.0,,,,true,,
192.81.221.71,192.81.221.71,192.81.0.0,true,,,true,,
18.192.110.156,18.192.110.156,18.192.0.0,true,,,true,,
176.10.98.167,176.10.98.167,176.10.0.0,true,,,,,
183.106.142.101,183.106.142.101,183.106.0.0,,,,true,,
177.94.223.231,177.94.223.231,177.94.0.0,,,,true,,
178.46.181.42,178.46.181.42,178.46.0.0,,,,true,,
185.132.178.231,185.132.178.231,185.132.0.0,true,,,true,,
178.62.10.166,178.62.10.198,178.62.0.0,true,,,,,
182.101.194.208,182.101.194.208,182.101.0.0,,,,true,,
194.106.234.252,194.106.234.252,194.106.0.0,,,,true,,
188.36.29.104,188.36.29.104,188.36.0.0,,,,true,,
186.189.234.168,186.189.234.168,186.189.0.0,,,,true,,
184.154.158.24,184.154.158.79,184.154.0.0,true,,,,,
185.220.181.107,185.220.181.113,185.220.0.0,true,,,,,
183.166.65.102,183.166.65.102,183.166.0.0,,,,true,,
177.69.10.241,177.69.10.241,177.69.0.0,,,,true,,
176.103.100.20,176.103.100.20,176.103.0.0,,,,true,,
189.51.3.13,189.51.3.14,189.51.0.0,,,,true,,
185.127.156.33,185.127.156.33,185.127.0.0,,,,true,,
188.165.152.180,188.165.152.191,188.165.0.0,true,,,,,
176.202.246.234,176.202.246.234,176.202.0.0,,,,true,,
180.20.128.249,180.20.128.249,180.20.0.0,,,,true,,
185.137.242.8,185.137.242.9,185.137.0.0,true,,,,,
188.39.128.218,188.39.128.218,188.39.0.0,,,,true,,
188.34.184.145,188.34.184.145,188.34.0.0,true,,,true,,
175.120.161.0,175.120.161.255,175.120.0.0,,,,true,,VPN Gate
185.15.26.133,185.15.26.134,185.15.0.0,,,,true,,
183.186.142.225,183.186.142.225,183.186.0.0,,,,true,,
178.199.254.2,178.199.254.2,178.199.0.0,,,,true,,
188.14.84.195,188.14.84.195,188.14.0.0,,,,true,,
183.112.34.196,183.112.34.196,183.112.0.0,,,,true,,
193.63.174.65,193.63.174.67,193.63.0.0,,,,true,,
18.140.170.198,18.140.171.10,18.140.0.0,true,,,,,
180.250.67.114,180.250.67.118,180.250.0.0,,,,true,,
175.101.74.240,175.101.74.244,175.101.0.0,,,,true,,
190.12.73.187,190.12.73.187,190.12.0.0,,,,true,,
18.167.47.99,18.167.47.150,18.167.0.0,true,,,,,
178.251.166.93,178.251.166.93,178.251.0.0,,,,true,,
176.31.147.196,176.31.147.207,176.31.0.0,true,,,,,
188.32.188.179,188.32.188.180,188.32.0.0,,,,true,,
188.165.150.112,188.165.150.133,188.165.0.0,true,,,,,
187.108.197.215,187.108.197.223,187.108.0.0,true,,,,,
176.10.113.0,176.10.113.0,176.10.0.0,true,,,,,
180.115.146.90,180.115.146.90,180.115.0.0,,,,true,,
178.21.183.174,178.21.183.206,178.21.0.0,true,,,,,
180.150.244.38,180.150.244.39,180.150.0.0,,,,true,,
185.72.172.78,185.72.172.78,185.72.0.0,true,,,true,,
188.13.247.66,188.13.247.66,188.13.0.0,,,,true,,
188.39.49.240,188.39.49.255,188.39.0.0,,,,true,,
186.179.127.241,186.179.127.241,186.179.0.0,,,,true,,
189.87.41.14,189.87.41.14,189.87.0.0,,,,true,,
177.69.250.73,177.69.250.73,177.69.0.0,,,,true,,
181.56.10.104,181.56.10.104,181.56.0.0,,,,true,,
177.16.199.212,177.16.199.212,177.16.0.0,,,,true,,
182.43.181.94,182.43.181.94,182.43.0.0,,,,true,,
193.184.13.154,193.184.13.154,193.184.0.0,,,,true,,
185.163.214.119,185.163.214.119,185.163.0.0,,,,true,,
194.206.153.40,194.206.153.40,194.206.0.0,,,,true,,
185.196.36.200,185.196.36.221,185.196.0.0,true,,,,,
174.83.107.38,174.83.107.38,174.83.0.0,,,,true,,
194.224.183.194,194.224.183.194,194.224.0.0,,,,true,,
177.8.168.236,177.8.168.239,177.8.0.0,true,,,,,
183.148.235.78,183.148.235.78,183.148.0.0,,,,true,,
194.186.51.83,194.186.51.83,194.186.0.0,,,,true,,
188.40.9.170,188.40.9.185,188.40.0.0,true,,,,,
18.158.144.118,18.158.144.118,18.158.0.0,true,,,true,,
185.245.121.74,185.245.121.74,185.245.0.0,,,,true,,
188.194.144.254,188.194.144.254,188.194.0.0,,,,true,,
183.128.110.147,183.128.110.147,183.128.0.0,,,,true,,
178.217.198.152,178.217.198.153,178.217.0.0,,,,true,,
174.99.179.66,174.99.179.66,174.99.0.0,,,,true,,
183.138.248.243,183.138.248.243,183.138.0.0,,,,true,,
194.50.65.30,194.50.65.30,194.50.0.0,,,,true,,
194.243.156.184,194.243.156.191,194.243.0.0,,,,true,,
18.179.130.159,18.179.130.173,18.179.0.0,true,,,,,
181.40.46.204,181.40.46.204,181.40.0.0,,,,true,,
181.215.183.109,181.215.183.109,181.215.0.0,,,,true,,
187.188.86.114,187.188.86.114,187.188.0.0,,,,true,,
18.168.98.159,18.168.99.17,18.168.0.0,true,,,,,
178.192.76.129,178.192.76.129,178.192.0.0,,,,true,,
185.202.17.61,185.202.17.62,185.202.0.0,,,,true,,
194.236.0.18,194.236.0.18,194.236.0.0,,,,true,,
190.203.28.227,190.203.28.227,190.203.0.0,,,,true,,
177.47.136.67,177.47.136.89,177.47.0.0,true,,,,,
180.126.58.60,180.126.58.60,180.126.0.0,,,,true,,
185.113.16.154,185.113.16.154,185.113.0.0,true,,,true,,
194.233.68.18,194.233.68.36,194.233.0.0,true,,,,,
177.192.128.90,177.192.128.90,177.192.0.0,,,,true,,
176.202.224.148,176.202.224.148,176.202.0.0,,,,true,,
188.114.33.64,188.114.33.64,188.114.0.0,,,,true,,
185.150.32.12,185.150.32.18,185.150.0.0,true,,,,,
182.106.215.117,182.106.215.117,182.106.0.0,,,,true,,
194.237.109.202,194.237.109.202,194.237.0.0,,,,true,,
180.168.197.170,180.168.197.170,180.168.0.0,,,,true,,
194.36.180.170,194.36.180.170,194.36.0.0,,,,true,,
194.6.226.212,194.6.226.212,194.6.0.0,,,,true,,
193.111.60.10,193.111.60.25,193.111.0.0,true,,,,,
186.250.21.142,186.250.22.3,186.250.0.0,true,,,,,
179.189.80.0,179.189.80.1,179.189.0.0,,,,true,,
187.86.201.55,187.86.201.55,187.86.0.0,,,,true,,
188.60.255.81,188.60.255.81,188.60.0.0,,,,true,,
18.180.41.31,18.180.41.31,18.180.0.0,true,,,true,,
186.74.219.90,186.74.219.90,186.74.0.0,,,,true,,
188.204.63.177,188.204.63.177,188.204.0.0,,,,true,,
177.92.23.154,177.92.23.154,177.92.0.0,,,,true,,
176.111.168.241,176.111.168.241,176.111.0.0,true,,,,,
193.85.30.94,193.85.30.94,193.85.0.0,,,,true,,
185.61.25.245,185.61.25.245,185.61.0.0,,,,true,,
185.189.151.21,185.189.151.21,185.189.0.0,true,,,true,,
187.29.249.218,187.29.249.218,187.29.0.0,,,,true,,
190.61.99.77,190.61.99.77,190.61.0.0,,,,true,,
183.89.183.129,183.89.183.129,183.89.0.0,,,,true,,
185.158.194.204,185.158.194.204,185.158.0.0,true,,,true,,
188.27.181.141,188.27.181.141,188.27.0.0,,,,true,,
188.214.106.3,188.214.106.69,188.214.0.0,,,,true,,ProtonVPN
185.49.233.162,185.49.233.162,185.49.0.0,,,,true,,
177.9.65.19,177.9.65.19,177.9.0.0,,,,true,,
176.106.243.8,176.106.243.56,176.106.0.0,true,,,,,
189.60.23.31,189.60.23.31,189.60.0.0,,,,true,,
179.24.103.136,179.24.103.136,179.24.0.0,,,,true,,
185.50.236.254,185.50.236.254,185.50.0.0,,,,true,,
185.29.202.22,185.29.202.22,185.29.0.0,,,,true,,
188.59.190.160,188.59.190.160,188.59.0.0,,,,true,,
18.190.166.221,18.190.166.221,18.190.0.0,true,,,true,,
176.95.225.92,176.95.225.93,176.95.0.0,,,,true,,
184.183.154.153,184.183.154.153,184.183.0.0,,,,true,,
18.163.55.132,18.163.55.132,18.163.0.0,true,,,true,,
188.195.57.254,188.195.57.254,188.195.0.0,,,,true,,
186.251.27.76,186.251.27.83,186.251.0.0,true,,,,,
185.167.99.13,185.167.99.164,185.167.0.0,true,,,,,
185.17.5.142,185.17.5.143,185.17.0.0,true,,,,,
180.126.200.37,180.126.200.38,180.126.0.0,,,,true,,
183.138.18.128,183.138.18.128,183.138.0.0,,,,true,,
185.72.247.49,185.72.247.50,185.72.0.0,true,,,true,,
185.20.129.40,185.20.129.40,185.20.0.0,,,,true,,
186.54.55.200,186.54.55.200,186.54.0.0,,,,true,,
180.119.250.54,180.119.250.54,180.119.0.0,,,,true,,
192.187.20.132,192.187.20.134,192.187.0.0,,,,true,,
177.8.80.123,177.8.80.123,177.8.0.0,true,,,true,,
192.252.217.50,192.252.219.33,192.252.0.0,true,,,,,
182.113.132.168,182.113.132.168,182.113.0.0,,,,true,,
176.214.45.228,176.214.45.228,176.214.0.0,,,,true,,
18.118.102.44,18.118.108.64,18.118.0.0,true,,,,,
185.8.8.162,185.8.8.165,185.8.0.0,true,,,true,,
175.251.49.224,175.251.49.224,175.251.0.0,,,,true,,
188.168.38.111,188.168.38.111,188.168.0.0,,,,true,,
185.104.224.49,185.104.224.49,185.104.0.0,,,,true,,
190.120.112.13,190.120.112.13,190.120.0.0,,,,true,,
183.28.78.11,183.28.78.11,183.28.0.0,,,,true,,
190.66.15.220,190.66.15.221,190.66.0.0,,,,true,,
188.138.253.121,188.138.253.121,188.138.0.0,,,,true,,
18.138.211.139,18.138.211.212,18.138.0.0,true,,,,,
18.197.67.154,18.197.67.154,18.197.0.0,true,,,true,,
18.220.241.210,18.220.242.22,18.220.0.0,true,,,,,
18.222.247.42,18.222.248.148,18.222.0.0,true,,,,,
190.109.7.147,190.109.7.147,190.109.0.0,,,,true,,
188.138.234.87,188.138.234.87,188.138.0.0,,,,true,,
193.193.188.1,193.193.188.2,193.193.0.0,,,,true,,
189.243.197.79,189.243.197.79,189.243.0.0,,,,true,,
178.238.153.156,178.238.153.156,178.238.0.0,,,,true,,
176.241.41.95,176.241.41.95,176.241.0.0,,,,true,,
178.22.118.42,178.22.118.42,178.22.0.0,,,,true,,
185.127.254.227,185.127.254.229,185.127.0.0,true,,,,,
176.111.49.54,176.111.49.54,176.111.0.0,true,,,,,
176.107.117.66,176.107.117.66,176.107.0.0,,,,true,,
175.150.104.102,175.150.104.103,175.150.0.0,,,,true,,
18.214.112.164,18.214.112.164,18.214.0.0,true,,,true,,
176.35.153.201,176.35.153.206,176.35.0.0,,,,true,,
187.139.181.227,187.139.181.227,187.139.0.0,,,,true,,
183.51.101.80,183.51.101.80,183.51.0.0,,,,true,,
178.213.121.191,178.213.121.191,178.213.0.0,,,,true,,
185.10.129.11,185.10.129.11,185.10.0.0,,,,true,,
192.73.243.230,192.73.246.103,192.73.0.0,true,,,,,
185.86.144.164,185.86.144.164,185.86.0.0,,,,true,,
190.242.129.234,190.242.129.235,190.242.0.0,,,,true,,
180.108.197.141,180.108.197.141,180.108.0.0,,,,true,,
185.115.99.79,185.115.99.79,185.115.0.0,true,,,true,,
184.81.205.218,184.81.205.218,184.81.0.0,,,,true,,
188.120.252.124,188.120.252.127,188.120.0.0,true,,,,,
189.113.119.111,189.113.119.111,189.113.0.0,,,,true,,
188.32.54.104,188.32.54.111,188.32.0.0,,,,true,,
189.51.5.158,189.51.5.158,189.51.0.0,,,,true,,
190.210.139.213,190.210.139.213,190.210.0.0,,,,true,,
186.224.248.243,186.224.248.243,186.224.0.0,,,,true,,
185.67.100.18,185.67.100.21,185.67.0.0,true,,,true,,
185.3.53.189,185.3.53.190,185.3.0.0,,,,true,,
185.184.236.140,185.184.236.140,185.184.0.0,true,,,true,,
177.92.66.234,177.92.66.234,177.92.0.0,true,,,true,,
185.67.19.109,185.67.19.109,185.67.0.0,,,,true,,
175.11.71.164,175.11.71.165,175.11.0.0,,,,true,,
185.230.160.219,185.230.160.238,185.230.0.0,true,,,,,
18.132.66.246,18.132.67.240,18.132.0.0,true,,,,,
189.240.229.134,189.240.229.134,189.240.0.0,,,,true,,
187.149.61.254,187.149.61.254,187.149.0.0,,,,true,,
194.132.157.73,194.132.157.75,194.132.0.0,,,,true,,
188.65.218.74,188.65.218.127,188.65.0.0,true,,,,,
184.106.120.11,184.106.120.11,184.106.0.0,true,,,true,,
180.46.182.220,180.46.182.220,180.46.0.0,,,,true,,
18.223.10.60,18.223.10.74,18.223.0.0,true,,,,,
185.121.250.147,185.121.250.162,185.121.0.0,true,,,,,
194.237.247.13,194.237.247.14,194.237.0.0,,,,true,,
185.36.129.102,185.36.129.102,185.36.0.0,,,,true,,
178.62.89.208,178.62.89.208,178.62.0.0,true,,,true,,
185.196.37.70,185.196.37.70,185.196.0.0,true,,,,,
18.188.158.228,18.188.159.75,18.188.0.0,true,,,,,
185.48.39.216,185.48.39.216,185.48.0.0,,,,true,,
176.66.82.117,176.66.82.117,176.66.0.0,,,,true,,
180.112.243.41,180.112.243.41,180.112.0.0,,,,true,,
188.219.47.130,188.219.47.130,188.219.0.0,,,,true,,
194.140.208.220,194.140.208.220,194.140.0.0,,,,true,,
180.126.99.231,180.126.99.231,180.126.0.0,,,,true,,
183.57.251.227,183.57.251.227,183.57.0.0,,,,true,,
178.49.69.134,178.49.69.134,178.49.0.0,,,,true,,
193.117.177.98,193.117.177.98,193.117.0.0,,,,true,,
180.164.122.42,180.164.122.42,180.164.0.0,,,,true,,
177.133.105.239,177.133.105.239,177.133.0.0,,,,true,,
193.200.36.25,193.200.36.25,193.200.0.0,,,,true,,
183.234.26.168,183.234.26.168,183.234.0.0,,,,true,,
193.93.28.0,193.93.28.255,193.93.0.0,true,,,,,
187.32.90.25,187.32.90.25,187.32.0.0,,,,true,,
187.205.237.45,187.205.237.45,187.205.0.0,,,,true,,
185.43.29.161,185.43.29.161,185.43.0.0,true,,,true,,
192.140.42.104,192.140.42.111,192.140.0.0,,,,true,,
185.181.52.39,185.181.52.39,185.181.0.0,,,,true,,
194.72.72.220,194.72.72.220,194.72.0.0,,,,true,,
193.215.43.166,193.215.43.166,193.215.0.0,,,,true,,
176.35.124.232,176.35.124.232,176.35.0.0,,,,true,,
175.152.49.18,175.152.49.18,175.152.0.0,,,,true,,
184.153.110.186,184.153.110.186,184.153.0.0,,,,true,,
178.183.97.110,178.183.97.110,178.183.0.0,,,,true,,
185.47.147.66,185.47.147.66,185.47.0.0,,,,true,,
180.158.191.21,180.158.191.21,180.158.0.0,,,,true,,
190.57.141.45,190.57.141.45,190.57.0.0,,,,true,,
183.177.50.90,183.177.50.90,183.177.0.0,,,,true,,
18.133.7.35,18.133.7.59,18.133.0.0,true,,,,,
185.160.72.44,185.160.72.44,185.160.0.0,true,,,,,
189.152.5.42,189.152.5.42,189.152.0.0,,,,true,,
185.18.240.100,185.18.240.100,185.18.0.0,,,,true,,
174.99.169.110,174.99.169.110,174.99.0.0,,,,true,,
190.144.38.154,190.144.38.154,190.144.0.0,,,,true,,
189.108.70.50,189.108.70.50,189.108.0.0,,,,true,,
192.30.144.6,192.30.144.7,192.30.0.0,true,,,true,,
185.45.240.190,185.45.240.190,185.45.0.0,,,,true,,
183.104.87.141,183.104.87.141,183.104.0.0,,,,true,,
193.214.152.230,193.214.152.230,193.214.0.0,,,,true,,
185.24.118.82,185.24.118.82,185.24.0.0,true,,,true,,
185.38.48.162,185.38.48.162,185.38.0.0,,,,true,,
186.120.251.4,186.120.251.4,186.120.0.0,,,,true,,
185.65.193.193,185.65.193.193,185.65.0.0,,,,true,,
179.106.147.0,179.106.147.0,179.106.0.0,true,,,true,,
183.28.157.164,183.28.157.164,183.28.0.0,,,,true,,
180.36.52.13,180.36.52.13,180.36.0.0,,,,true,,
188.32.63.224,188.32.63.224,188.32.0.0,,,,true,,
185.217.109.115,185.217.109.115,185.217.0.0,true,,,true,,
18.142.70.209,18.142.70.209,18.142.0.0,true,,,true,,
192.226.122.64,192.226.122.71,192.226.0.0,,,,true,,
18.229.244.25,18.229.246.27,18.229.0.0,true,,,,,
187.103.78.81,187.103.78.81,187.103.0.0,,,,true,,
185.187.73.215,185.187.73.215,185.187.0.0,true,,,true,,
18.196.192.99,18.196.192.99,18.196.0.0,true,,,true,,
182.234.73.254,182.234.73.254,182.234.0.0,,,,true,,
180.107.253.247,180.107.253.247,180.107.0.0,,,,true,,
186.81.116.82,186.81.116.82,186.81.0.0,,,,true,,
179.83.190.69,179.83.190.69,179.83.0.0,,,,true,,
186.228.41.147,186.228.41.147,186.228.0.0,,,,true,,
190.66.22.226,190.66.22.226,190.66.0.0,,,,true,,
178.198.104.216,178.198.104.216,178.198.0.0,,,,true,,
178.140.36.149,178.140.36.149,178.140.0.0,,,,true,,
184.183.4.29,184.183.4.29,184.183.0.0,,,,true,,
186.193.227.171,186.193.227.185,186.193.0.0,true,,,,,
174.96.79.220,174.96.79.220,174.96.0.0,,,,true,,
193.58.12.104,193.58.14.112,193.58.0.0,true,,,,,
193.240.63.90,193.240.63.90,193.240.0.0,true,,,true,,
178.128.105.132,178.128.105.145,178.128.0.0,true,,,,,
177.242.136.59,177.242.136.59,177.242.0.0,,,,true,,
176.192.228.10,176.192.228.10,176.192.0.0,,,,true,,
185.138.208.79,185.138.208.80,185.138.0.0,true,,,true,,
180.35.76.155,180.35.76.155,180.35.0.0,,,,true,,
18.132.36.235,18.132.37.133,18.132.0.0,true,,,,,
189.114.52.20,189.114.52.20,189.114.0.0,,,,true,,
185.43.224.155,185.43.224.155,185.43.0.0,true,,,true,,
190.115.199.2,190.115.199.128,190.115.0.0,true,,,,,
180.13.107.42,180.13.107.42,180.13.0.0,,,,true,,
193.232.72.112,193.232.72.127,193.232.0.0,,,,true,,
189.159.105.65,189.159.105.65,189.159.0.0,,,,true,,
185.131.82.106,185.131.82.116,185.131.0.0,true,,,,,
180.106.23.40,180.106.23.40,180.106.0.0,,,,true,,
185.3.110.146,185.3.110.146,185.3.0.0,,,,true,,
175.176.162.210,175.176.162.210,175.176.0.0,,,,true,,
184.97.245.72,184.97.245.72,184.97.0.0,,,,true,,
176.35.166.129,176.35.166.129,176.35.0.0,,,,true,,
194.62.17.3,194.62.17.3,194.62.0.0,true,,,true,,
188.127.194.199,188.127.194.199,188.127.0.0,,,,true,,
190.113.125.50,190.113.125.50,190.113.0.0,,,,true,,
187.211.63.118,187.211.63.118,187.211.0.0,,,,true,,
183.194.83.162,183.194.83.162,183.194.0.0,,,,true,,
18.158.227.41,18.158.227.79,18.158.0.0,true,,,,,
193.115.224.4,193.115.224.4,193.115.0.0,,,,true,,
180.179.201.57,180.179.201.57,180.179.0.0,,,,true,,
185.138.220.14,185.138.220.255,185.138.0.0,true,,,,,
175.178.90.164,175.178.90.164,175.178.0.0,true,,,true,,
176.95.232.64,176.95.232.80,176.95.0.0,,,,true,,
18.192.33.180,18.192.33.180,18.192.0.0,true,,,true,,
188.234.7.38,188.234.7.38,188.234.0.0,,,,true,,
184.70.126.226,184.70.126.226,184.70.0.0,,,,true,,
185.54.97.255,185.54.97.255,185.54.0.0,true,,,true,,
188.128.66.81,188.128.66.83,188.128.0.0,,,,true,,
190.7.144.46,190.7.144.46,190.7.0.0,,,,true,,
175.160.128.193,175.160.128.193,175.160.0.0,,,,true,,
188.136.165.41,188.136.165.41,188.136.0.0,,,,true,,
188.174.96.95,188.174.96.95,188.174.0.0,,true,,,,
187.130.255.137,187.130.255.137,187.130.0.0,,,,true,,
178.170.166.85,178.170.166.86,178.170.0.0,true,,,true,,
193.185.172.94,193.185.172.94,193.185.0.0,,,,true,,
194.51.58.94,194.51.58.94,194.51.0.0,,,,true,,
193.65.48.178,193.65.48.178,193.65.0.0,,,,true,,
175.0.236.24,175.0.236.24,175.0.0.0,,,,true,,
188.138.10.241,188.138.11.255,188.138.0.0,true,,,,,
180.114.150.3,180.114.150.3,180.114.0.0,,,,true,,
185.167.220.133,185.167.220.137,185.167.0.0,true,,,,,
185.210.99.19,185.210.99.19,185.210.0.0,,,,true,,
185.130.84.146,185.130.84.146,185.130.0.0,,,,true,,
185.124.181.253,185.124.181.253,185.124.0.0,,,,true,,
194.209.19.194,194.209.19.194,194.209.0.0,,,,true,,
178.18.212.253,178.18.212.253,178.18.0.0,,,,true,,
179.179.81.45,179.179.81.45,179.179.0.0,,,,true,,
187.139.9.227,187.139.9.227,187.139.0.0,,,,true,,
178.118.52.212,178.118.52.212,178.118.0.0,,,,true,,
183.120.86.53,183.120.86.53,183.120.0.0,,,,true,,
191.241.48.58,191.241.48.58,191.241.0.0,,,,true,,
178.193.184.70,178.193.184.70,178.193.0.0,,,,true,,
192.104.125.169,192.104.125.169,192.104.0.0,true,,,true,,
188.95.150.109,188.95.150.109,188.95.0.0,true,,,,,
186.148.192.140,186.148.192.141,186.148.0.0,,,,true,,
194.237.101.164,194.237.101.164,194.237.0.0,,,,true,,
175.245.115.90,175.245.115.90,175.245.0.0,,,,true,,
18.168.89.59,18.168.89.107,18.168.0.0,true,,,,,
179.27.13.82,179.27.13.82,179.27.0.0,,,,true,,
183.98.135.143,183.98.135.143,183.98.0.0,,,,true,,
183.63.62.98,183.63.62.98,183.63.0.0,,,,true,,
190.210.38.149,190.210.38.149,190.210.0.0,,,,true,,
176.9.140.206,176.9.140.206,176.9.0.0,true,,,true,,
193.92.26.13,193.92.26.13,193.92.0.0,,,,true,,
176.121.60.36,176.121.60.36,176.121.0.0,,,,true,,
185.32.36.33,185.32.36.33,185.32.0.0,,,,true,,
192.225.59.5,192.225.59.5,192.225.0.0,,,,true,,
193.206.254.4,193.206.254.5,193.206.0.0,,,,true,,
185.10.50.168,185.10.51.29,185.10.0.0,true,,,,,
185.77.181.203,185.77.181.203,185.77.0.0,,,,true,,
193.201.64.36,193.201.65.24,193.201.0.0,true,,,,,
187.108.193.129,187.108.193.131,187.108.0.0,true,,,,,
192.55.167.253,192.55.167.253,192.55.0.0,true,,,,,
178.153.88.146,178.153.88.146,178.153.0.0,,,,true,,
184.187.46.90,184.187.46.90,184.187.0.0,,,,true,,
193.64.26.132,193.64.26.132,193.64.0.0,,,,true,,
184.191.188.190,184.191.188.190,184.191.0.0,,,,true,,
187.189.8.93,187.189.8.93,187.189.0.0,,,,true,,
194.182.142.254,194.182.142.254,194.182.0.0,,,,true,,
178.194.160.30,178.194.160.30,178.194.0.0,,,,true,,
188.68.248.88,188.68.249.8,188.68.0.0,true,,,,,
192.48.105.162,192.48.105.162,192.48.0.0,true,,,true,,
193.215.47.198,193.215.47.198,193.215.0.0,,,,true,,
187.126.79.165,187.126.79.165,187.126.0.0,,,,true,,
188.60.1.245,188.60.1.245,188.60.0.0,,,,true,,
185.82.94.7,185.82.94.8,185.82.0.0,true,,,true,,
194.160.126.115,194.160.126.115,194.160.0.0,,,,true,,
178.15.11.42,178.15.11.42,178.15.0.0,,,,true,,
178.62.219.171,178.62.219.199,178.62.0.0,true,,,,,
176.9.66.36,176.9.66.36,176.9.0.0,true,,,true,,
180.164.83.4,180.164.83.4,180.164.0.0,,,,true,,
176.92.193.253,176.92.193.253,176.92.0.0,,,,true,,
182.77.110.197,182.77.110.197,182.77.0.0,,,,true,,
185.167.186.12,185.167.186.12,185.167.0.0,,,,true,,
183.234.239.66,183.234.239.66,183.234.0.0,,,,true,,
180.31.143.186,180.31.143.186,180.31.0.0,,,,true,,
178.49.174.89,178.49.174.89,178.49.0.0,,,,true,,
180.166.253.214,180.166.253.214,180.166.0.0,,,,true,,
183.135.153.14,183.135.153.14,183.135.0.0,,,,true,,
18.200.160.248,18.200.160.248,18.200.0.0,true,,,true,,
185.217.200.254,185.217.200.254,185.217.0.0,,,,true,,
185.103.89.39,185.103.89.39,185.103.0.0,true,,,true,,
185.107.30.192,185.107.30.255,185.107.0.0,true,,,,,
189.251.224.174,189.251.224.174,189.251.0.0,,,,true,,
175.17.152.170,175.17.152.170,175.17.0.0,,,,true,,
175.136.241.113,175.136.241.113,175.136.0.0,,,,true,,
182.84.94.13,182.84.94.13,182.84.0.0,,,,true,,
184.71.99.34,184.71.99.34,184.71.0.0,,,,true,,
185.221.207.229,185.221.207.255,185.221.0.0,true,,,,,
189.125.139.105,189.125.139.107,189.125.0.0,,,,true,,
177.35.150.51,177.35.150.51,177.35.0.0,,,,true,,
189.127.148.13,189.127.148.13,189.127.0.0,true,,,true,,
188.120.244.210,188.120.244.210,188.120.0.0,true,,,true,,
185.61.15.146,185.61.15.146,185.61.0.0,,,,true,,
185.38.39.255,185.38.39.255,185.38.0.0,true,,,,,
182.143.125.43,182.143.125.43,182.143.0.0,,,,true,,
175.24.125.115,175.24.125.115,175.24.0.0,true,,,true,,
183.230.185.248,183.230.185.248,183.230.0.0,,,,true,,
184.69.104.190,184.69.104.190,184.69.0.0,,,,true,,
180.243.6.85,180.243.6.85,180.243.0.0,,,,true,,
178.82.148.184,178.82.148.184,178.82.0.0,,,,true,,
184.68.106.82,184.68.106.82,184.68.0.0,,,,true,,
18.177.51.117,18.177.52.11,18.177.0.0,true,,,,,
185.24.153.141,185.24.153.141,185.24.0.0,,,,true,,
186.149.61.183,186.149.61.183,186.149.0.0,,,,true,,
18.207.89.165,18.207.89.219,18.207.0.0,true,,,,,
182.65.106.184,182.65.106.184,182.65.0.0,,,,true,,
180.150.90.56,180.150.90.71,180.150.0.0,,,,true,,
185.11.19.200,185.11.19.200,185.11.0.0,,,,true,,
189.190.74.80,189.190.74.80,189.190.0.0,,,,true,,
182.173.65.63,182.173.65.117,182.173.0.0,true,,,,,
184.83.44.102,184.83.44.102,184.83.0.0,,,,true,,
193.127.224.242,193.127.224.242,193.127.0.0,,,,true,,
188.237.77.182,188.237.77.182,188.237.0.0,,,,true,,
186.125.171.243,186.125.171.243,186.125.0.0,,,,true,,
183.239.195.182,183.239.195.182,183.239.0.0,,,,true,,
192.155.69.19,192.155.69.19,192.155.0.0,true,,,true,,
182.236.0.126,182.236.0.126,182.236.0.0,,,,true,,
192.36.162.153,192.36.162.153,192.36.0.0,,,,true,,
184.177.71.10,184.177.71.11,184.177.0.0,,,,true,,
178.15.231.74,178.15.231.74,178.15.0.0,,,,true,,
193.239.23.255,193.239.23.255,193.239.0.0,,,,true,,
178.173.145.231,178.173.145.239,178.173.0.0,true,,,,,
194.204.17.211,194.204.17.211,194.204.0.0,,,,true,,
178.18.94.62,178.18.94.62,178.18.0.0,,,,true,,
175.228.41.150,175.228.41.150,175.228.0.0,,,,true,,
187.188.133.205,187.188.133.205,187.188.0.0,,,,true,,
176.162.133.205,176.162.133.205,176.162.0.0,,,,true,,
18.132.87.76,18.132.87.115,18.132.0.0,true,,,,,
180.106.203.62,180.106.203.62,180.106.0.0,,,,true,,
185.117.146.192,185.117.146.192,185.117.0.0,,,,true,,
188.94.64.124,188.94.64.124,188.94.0.0,,,,true,,
193.46.2.183,193.46.2.183,193.46.0.0,,,,true,,
176.63.234.251,176.63.234.251,176.63.0.0,,,,true,,
180.179.224.209,180.179.224.209,180.179.0.0,,,,true,,
177.161.44.75,177.161.44.75,177.161.0.0,,,,true,,
185.66.228.150,185.66.228.153,185.66.0.0,true,,,,,
183.187.59.109,183.187.59.109,183.187.0.0,,,,true,,
187.211.54.148,187.211.54.148,187.211.0.0,,,,true,,
189.242.178.206,189.242.178.206,189.242.0.0,,,,true,,
178.174.176.109,178.174.176.109,178.174.0.0,,,,true,,
180.149.246.203,180.149.246.206,180.149.0.0,true,,,true,,
176.35.248.197,176.35.248.197,176.35.0.0,,,,true,,
194.65.112.152,194.65.112.159,194.65.0.0,,,,true,,
178.62.222.179,178.62.222.186,178.62.0.0,true,,,,,
193.117.162.150,193.117.162.150,193.117.0.0,,,,true,,
190.14.209.74,190.14.209.74,190.14.0.0,,,,true,,
185.134.80.246,185.134.80.246,185.134.0.0,true,,,true,,
185.208.77.109,185.208.77.198,185.208.0.0,true,,,,,
180.127.48.106,180.127.48.106,180.127.0.0,,,,true,,
189.228.54.50,189.228.54.50,189.228.0.0,,,,true,,
178.64.190.177,178.64.190.177,178.64.0.0,,,,true,,
183.6.111.53,183.6.111.53,183.6.0.0,,,,true,,
183.245.13.181,183.245.13.181,183.245.0.0,,,,true,,
174.91.54.16,174.91.54.16,174.91.0.0,,,,true,,
176.111.244.0,176.111.244.7,176.111.0.0,,,,true,,
187.101.45.123,187.101.45.123,187.101.0.0,,,,true,,
178.75.185.75,178.75.185.75,178.75.0.0,,,,true,,
189.44.62.254,189.44.62.254,189.44.0.0,,,,true,,
185.144.73.21,185.144.73.21,185.144.0.0,,,,true,,
178.20.138.30,178.20.138.30,178.20.0.0,,,,true,,
178.128.55.251,178.128.55.251,178.128.0.0,true,,,true,,
187.136.181.247,187.136.181.247,187.136.0.0,,,,true,,
189.237.85.173,189.237.85.173,189.237.0.0,,,,true,,
176.122.24.154,176.122.24.155,176.122.0.0,true,,,true,,
182.103.27.60,182.103.27.60,182.103.0.0,,,,true,,
189.62.206.26,189.62.206.26,189.62.0.0,,,,true,,
190.85.170.70,190.85.170.70,190.85.0.0,,,,true,,
177.118.168.175,177.118.168.175,177.118.0.0,,,,true,,
185.84.34.183,185.84.34.196,185.84.0.0,true,,,,,
182.71.250.82,182.71.250.82,182.71.0.0,,,,true,,
193.116.13.199,193.116.13.199,193.116.0.0,,,,true,,
188.87.215.16,188.87.215.23,188.87.0.0,,,,true,,
187.61.205.241,187.61.205.241,187.61.0.0,,,,true,,
175.44.133.21,175.44.133.21,175.44.0.0,,,,true,,
18.203.166.67,18.203.166.105,18.203.0.0,true,,,,,
188.166.179.222,188.166.179.246,188.166.0.0,true,,,,,
185.98.87.153,185.98.87.153,185.98.0.0,true,,,true,,
187.84.230.172,187.84.230.188,187.84.0.0,true,,,,,
185.255.133.238,185.255.134.18,185.255.0.0,true,,,,,
175.139.17.145,175.139.17.145,175.139.0.0,,,,true,,
182.74.59.109,182.74.59.109,182.74.0.0,,,,true,,
18.144.55.109,18.144.55.109,18.144.0.0,true,,,true,,
176.31.22.12,176.31.22.31,176.31.0.0,true,,,,,
185.41.109.147,185.41.109.147,185.41.0.0,,,,true,,
18.229.7.138,18.229.8.254,18.229.0.0,true,,,,,
175.101.5.106,175.101.5.108,175.101.0.0,,,,true,,
185.189.184.161,185.189.184.161,185.189.0.0,,,,true,,
186.219.248.106,186.219.248.106,186.219.0.0,,,,true,,
183.180.180.159,183.180.180.159,183.180.0.0,,,,true,,
180.126.103.254,180.126.103.254,180.126.0.0,,,,true,,
183.126.229.128,183.126.229.128,183.126.0.0,,,,true,,
185.183.58.203,185.183.58.203,185.183.0.0,,,,true,,
176.215.246.197,176.215.246.197,176.215.0.0,,,,true,,
178.32.144.24,178.32.144.39,178.32.0.0,true,,,,,
191.241.192.177,191.241.192.177,191.241.0.0,,,,true,,
175.126.148.77,175.126.148.78,175.126.0.0,,,,true,,
176.58.189.225,176.58.189.225,176.58.0.0,,,,true,,
183.77.50.159,183.77.50.159,183.77.0.0,,,,true,,
189.22.67.147,189.22.67.147,189.22.0.0,,,,true,,
177.52.16.82,177.52.16.82,177.52.0.0,true,,,true,,
181.212.68.85,181.212.68.85,181.212.0.0,,,,true,,
175.252.184.201,175.252.184.201,175.252.0.0,,,,true,,
177.87.154.22,177.87.154.22,177.87.0.0,,,,true,,
185.210.20.1,185.210.20.1,185.210.0.0,,,,true,,
18.168.156.210,18.168.156.220,18.168.0.0,true,,,,,
189.140.142.42,189.140.142.42,189.140.0.0,,,,true,,
187.32.66.129,187.32.66.129,187.32.0.0,,,,true,,
188.104.138.122,188.104.138.122,188.104.0.0,,,,true,,
180.28.101.58,180.28.101.58,180.28.0.0,,,,true,,
180.198.6.248,180.198.6.248,180.198.0.0,,,,true,,
192.0.241.79,192.0.241.79,192.0.0.0,,,,true,,
176.149.143.61,176.149.143.61,176.149.0.0,,,,true,,
179.184.210.122,179.184.210.125,179.184.0.0,,,,true,,
180.126.103.142,180.126.103.142,180.126.0.0,,,,true,,
193.248.52.43,193.248.52.43,193.248.0.0,,,,true,,
191.180.96.230,191.180.96.230,191.180.0.0,,,,true,,
177.27.113.188,177.27.113.188,177.27.0.0,,,,true,,
185.225.208.45,185.225.208.190,185.225.0.0,true,,,,,
182.46.113.144,182.46.113.144,182.46.0.0,,,,true,,
176.31.206.103,176.31.206.103,176.31.0.0,true,,,true,,
190.61.101.77,190.61.101.77,190.61.0.0,,,,true,,
175.173.223.87,175.173.223.87,175.173.0.0,,,,true,,
187.149.6.240,187.149.6.240,187.149.0.0,,,,true,,
175.229.201.100,175.229.201.100,175.229.0.0,,,,true,,
18.176.218.155,18.176.219.108,18.176.0.0,true,,,,,
187.177.42.9,187.177.42.9,187.177.0.0,,,,true,,
182.47.176.6,182.47.176.7,182.47.0.0,,,,true,,
188.255.46.200,188.255.46.200,188.255.0.0,,,,true,,
188.170.33.139,188.170.33.140,188.170.0.0,,,,true,,
185.26.82.220,185.26.82.220,185.26.0.0,,,,true,,
189.251.195.199,189.251.195.199,189.251.0.0,,,,true,,
180.150.132.220,180.150.132.220,180.150.0.0,true,,,true,,
192.241.201.159,192.241.201.159,192.241.0.0,true,,,true,,
178.128.93.241,178.128.93.241,178.128.0.0,true,,,true,,
175.6.174.198,175.6.174.198,175.6.0.0,,,,true,,
182.139.161.63,182.139.161.63,182.139.0.0,,,,true,,
181.212.36.137,181.212.36.137,181.212.0.0,,,,true,,
190.112.149.176,190.112.149.176,190.112.0.0,,,,true,,
175.16.29.16,175.16.29.16,175.16.0.0,,,,true,,
185.33.157.125,185.33.157.126,185.33.0.0,,,,true,,
178.236.174.162,178.236.174.162,178.236.0.0,,,,true,,
183.89.57.19,183.89.57.19,183.89.0.0,,,,true,,
18.182.121.173,18.182.122.35,18.182.0.0,true,,,,,
185.169.243.237,185.169.243.237,185.169.0.0,,,,true,,
185.162.249.222,185.162.250.2,185.162.0.0,true,,,,,
190.144.253.79,190.144.253.82,190.144.0.0,true,,,,,
177.97.85.44,177.97.85.44,177.97.0.0,,,,true,,
185.124.149.34,185.124.149.34,185.124.0.0,true,,,true,,
175.201.92.147,175.201.92.147,175.201.0.0,,,,true,,
178.255.50.49,178.255.50.49,178.255.0.0,,,,true,,
182.137.35.26,182.137.35.26,182.137.0.0,,,,true,,
177.190.193.234,177.190.193.234,177.190.0.0,true,,,true,,
189.113.136.98,189.113.136.98,189.113.0.0,,,,true,,
175.169.187.71,175.169.187.71,175.169.0.0,,,,true,,
180.156.215.6,180.156.215.6,180.156.0.0,,,,true,,
193.121.11.223,193.121.11.223,193.121.0.0,,,,true,,
185.99.36.195,185.99.37.31,185.99.0.0,true,,,,,
189.253.16.107,189.253.16.107,189.253.0.0,,,,true,,
175.41.233.191,175.41.234.156,175.41.0.0,true,,,,,
186.7.65.234,186.7.65.234,186.7.0.0,,,,true,,
190.24.118.80,190.24.118.87,190.24.0.0,,,,true,,
175.156.66.81,175.156.66.81,175.156.0.0,,,,true,,
18.201.7.109,18.201.7.109,18.201.0.0,true,,,true,,
183.236.168.10,183.236.168.10,183.236.0.0,,,,true,,
176.34.100.140,176.34.100.160,176.34.0.0,true,,,,,
176.95.171.42,176.95.171.42,176.95.0.0,,,,true,,
18.159.234.116,18.159.234.116,18.159.0.0,true,,,,,
186.188.152.109,186.188.152.109,186.188.0.0,,,,true,,
179.191.125.31,179.191.125.37,179.191.0.0,true,,,,,
188.117.242.127,188.117.242.127,188.117.0.0,,,,true,,
186.5.100.162,186.5.100.166,186.5.0.0,,,,true,,
180.15.130.211,180.15.130.211,180.15.0.0,,,,true,,
188.213.18.97,188.213.18.97,188.213.0.0,,,,true,,
193.184.20.49,193.184.20.50,193.184.0.0,,,,true,,
194.250.48.49,194.250.48.49,194.250.0.0,,,,true,,
184.70.246.86,184.70.246.86,184.70.0.0,,,,true,,
18.116.135.202,18.116.135.202,18.116.0.0,true,,,true,,
194.73.90.186,194.73.90.186,194.73.0.0,,,,true,,
192.71.251.65,192.71.251.65,192.71.0.0,,,,true,,
188.25.116.96,188.25.116.96,188.25.0.0,,,,true,,
180.189.22.34,180.189.22.34,180.189.0.0,,,,true,,
183.75.58.193,183.75.58.193,183.75.0.0,,,,true,,
190.4.189.185,190.4.189.185,190.4.0.0,,,,true,,
185.27.241.2,185.27.241.2,185.27.0.0,true,,,true,,
193.219.4.218,193.219.4.218,193.219.0.0,,,,true,,
185.197.108.140,185.197.108.140,185.197.0.0,,,,true,,
186.72.38.194,186.72.38.194,186.72.0.0,,,,true,,
185.27.255.234,185.27.255.234,185.27.0.0,,,,true,,
177.92.87.67,177.92.87.81,177.92.0.0,true,,,,,
187.19.165.229,187.19.165.229,187.19.0.0,,,,true,,
177.213.124.220,177.213.124.220,177.213.0.0,,,,true,,
182.129.223.38,182.129.223.39,182.129.0.0,,,,true,,
185.54.216.46,185.54.216.60,185.54.0.0,true,,,,,
188.228.89.254,188.228.89.254,188.228.0.0,,,,true,,
180.4.47.69,180.4.47.69,180.4.0.0,,,,true,,
183.89.238.209,183.89.238.209,183.89.0.0,,,,true,,
178.158.138.220,178.158.138.220,178.158.0.0,,,,true,,
177.69.34.100,177.69.34.100,177.69.0.0,,,,true,,
189.171.73.168,189.171.73.168,189.171.0.0,,,,true,,
18.252.151.195,18.252.151.195,18.252.0.0,true,,,true,,
18.197.240.149,18.197.242.37,18.197.0.0,true,,,,,
190.194.202.173,190.194.202.173,190.194.0.0,,,,true,,
18.214.123.132,18.214.124.122,18.214.0.0,true,,,,,
183.144.31.142,183.144.31.142,183.144.0.0,,,,true,,
187.157.9.242,187.157.9.242,187.157.0.0,,,,true,,
18.214.3.120,18.214.3.120,18.214.0.0,true,,,true,,
187.232.5.37,187.232.5.37,187.232.0.0,,,,true,,
190.12.60.17,190.12.60.17,190.12.0.0,,,,true,,
185.177.16.255,185.177.20.1,185.177.0.0,true,,,,,
180.35.32.183,180.35.32.183,180.35.0.0,,,,true,,
176.123.203.128,176.123.204.102,176.123.0.0,true,,,,,
18.201.0.254,18.201.0.254,18.201.0.0,true,,,true,,
185.128.156.41,185.128.156.41,185.128.0.0,,,,true,,
189.212.90.208,189.212.90.208,189.212.0.0,,,,true,,
188.169.123.42,188.169.123.42,188.169.0.0,,,,true,,
194.44.126.138,194.44.126.138,194.44.0.0,,,,true,,
183.165.37.181,183.165.37.181,183.165.0.0,,,,true,,
183.106.40.149,183.106.40.149,183.106.0.0,,,,true,,
177.59.176.113,177.59.176.113,177.59.0.0,,,,true,,
177.231.147.255,177.231.147.255,177.231.0.0,,,,true,,
190.52.34.193,190.52.34.193,190.52.0.0,,,,true,,
184.57.215.119,184.57.215.119,184.57.0.0,,,,true,,
179.191.101.155,179.191.101.177,179.191.0.0,true,,,,,
178.167.68.70,178.167.68.70,178.167.0.0,,,,true,,
182.42.117.32,182.42.117.32,182.42.0.0,,,,true,,
18.203.131.128,18.203.131.128,18.203.0.0,true,,,true,,
178.33.17.64,178.33.17.83,178.33.0.0,true,,,,,
178.18.251.205,178.18.252.217,178.18.0.0,true,,,,,
188.36.19.185,188.36.19.185,188.36.0.0,,,,true,,
190.211.64.181,190.211.64.181,190.211.0.0,,,,true,,
186.193.236.38,186.193.236.38,186.193.0.0,true,,,true,,
193.17.1.64,193.17.1.95,193.17.0.0,,,,true,,
176.236.35.58,176.236.35.58,176.236.0.0,,,,true,,
180.36.116.86,180.36.116.86,180.36.0.0,,,,true,,
187.170.139.119,187.170.139.119,187.170.0.0,,,,true,,
177.47.145.125,177.47.145.125,177.47.0.0,,,,true,,
186.154.205.202,186.154.205.202,186.154.0.0,,,,true,,
178.174.58.26,178.174.58.26,178.174.0.0,,,,true,,
189.50.102.17,189.50.102.17,189.50.0.0,,,,true,,
194.25.9.224,194.25.9.239,194.25.0.0,,,,true,,
175.24.123.244,175.24.123.244,175.24.0.0,true,,,true,,
193.253.41.31,193.253.41.31,193.253.0.0,,,,true,,
182.168.68.9,182.168.68.9,182.168.0.0,,,,true,,
192.3.188.4,192.3.188.19,192.3.0.0,true,,,,,
192.92.203.94,192.92.203.94,192.92.0.0,,,,true,,
188.127.156.197,188.127.156.197,188.127.0.0,,,,true,,
178.38.14.2,178.38.14.2,178.38.0.0,,,,true,,
180.1.83.100,180.1.83.100,180.1.0.0,,,,true,,
185.198.76.57,185.198.76.57,185.198.0.0,,,,true,,
177.5.159.170,177.5.159.170,177.5.0.0,,,,true,,
186.212.224.239,186.212.224.239,186.212.0.0,,,,true,,
185.230.160.205,185.230.160.205,185.230.0.0,true,,,true,,
185.19.2.249,185.19.2.249,185.19.0.0,,,,true,,
184.188.203.130,184.188.203.130,184.188.0.0,,,,true,,
188.239.56.149,188.239.56.149,188.239.0.0,,,,true,,
178.75.75.115,178.75.75.115,178.75.0.0,,,,true,,
177.84.104.226,177.84.104.226,177.84.0.0,true,,,true,,
191.96.21.0,191.96.21.255,191.96.0.0,,,,true,,
178.15.219.236,178.15.219.236,178.15.0.0,,,,true,,
190.189.136.129,190.189.136.129,190.189.0.0,,,,true,,
184.175.128.234,184.175.128.234,184.175.0.0,,,,true,,
184.68.89.122,184.68.89.122,184.68.0.0,,,,true,,
183.97.251.106,183.97.251.106,183.97.0.0,,,,true,,
185.69.178.104,185.69.178.104,185.69.0.0,,,,true,,
187.167.69.249,187.167.69.249,187.167.0.0,,,,true,,
182.164.122.19,182.164.122.19,182.164.0.0,,,,true,,
183.192.153.82,183.192.153.82,183.192.0.0,,,,true,,
187.153.159.37,187.153.159.37,187.153.0.0,,,,true,,
185.187.222.39,185.187.222.39,185.187.0.0,,,,true,,
178.140.95.76,178.140.95.76,178.140.0.0,,,,true,,
185.230.208.176,185.230.208.179,185.230.0.0,,,,true,,
192.149.234.0,192.149.234.255,192.149.0.0,true,,,,,
182.158.73.109,182.158.73.110,182.158.0.0,,,,true,,
192.169.80.136,192.169.80.151,192.169.0.0,true,,,,,
179.99.253.52,179.99.253.52,179.99.0.0,,,,true,,
192.171.21.154,192.171.21.154,192.171.0.0,,,,true,,
176.74.134.34,176.74.134.34,176.74.0.0,,,,true,,
176.103.219.197,176.103.219.197,176.103.0.0,,,,true,,
185.23.114.2,185.23.114.2,185.23.0.0,true,,,true,,
186.227.125.32,186.227.125.32,186.227.0.0,,,,true,,
189.57.143.50,189.57.143.50,189.57.0.0,,,,true,,
178.140.61.94,178.140.61.94,178.140.0.0,,,,true,,
185.93.183.8,185.93.183.8,185.93.0.0,,,,true,,
188.15.184.162,188.15.184.162,188.15.0.0,,,,true,,
180.111.89.131,180.111.89.131,180.111.0.0,,,,true,,
180.56.138.37,180.56.138.37,180.56.0.0,,,,true,,
181.40.89.198,181.40.89.198,181.40.0.0,,,,true,,
175.230.31.238,175.230.31.238,175.230.0.0,,,,true,,
185.180.125.86,185.180.125.86,185.180.0.0,,,,true,,
188.115.185.174,188.115.185.174,188.115.0.0,,,,true,,
18.135.157.240,18.135.157.250,18.135.0.0,true,,,,,
180.183.110.59,180.183.110.59,180.183.0.0,,,,true,,
183.128.86.3,183.128.86.3,183.128.0.0,,,,true,,
189.164.252.38,189.164.252.38,189.164.0.0,,,,true,,
190.195.27.201,190.195.27.201,190.195.0.0,,,,true,,
177.140.83.88,177.140.83.88,177.140.0.0,,,,true,,
183.17.229.194,183.17.229.197,183.17.0.0,,,,true,,
193.29.53.246,193.29.53.246,193.29.0.0,,,,true,,
180.175.126.152,180.175.126.152,180.175.0.0,,,,true,,
189.154.128.245,189.154.128.245,189.154.0.0,,,,true,,
184.69.83.206,184.69.83.206,184.69.0.0,,,,true,,
18.116.80.211,18.116.80.211,18.116.0.0,true,,,,,
188.62.194.14,188.62.194.14,188.62.0.0,,,,true,,
192.69.30.33,192.69.30.33,192.69.0.0,,,,true,,
188.165.205.208,188.165.206.115,188.165.0.0,true,,,,,
185.123.101.0,185.123.101.255,185.123.0.0,true,,,true,,VPN Unlimited
188.3.33.145,188.3.33.145,188.3.0.0,,,,true,,
192.57.115.4,192.57.115.4,192.57.0.0,true,,,true,,
194.78.188.70,194.78.188.70,194.78.0.0,,,,true,,
186.10.30.35,186.10.30.35,186.10.0.0,,,,true,,
185.120.17.140,185.120.17.140,185.120.0.0,,,,true,,
176.94.107.191,176.94.107.191,176.94.0.0,,,,true,,
194.61.58.146,194.61.58.146,194.61.0.0,,,,true,,
178.195.191.182,178.195.191.182,178.195.0.0,,,,true,,
177.99.208.2,177.99.208.2,177.99.0.0,,,,true,,
185.68.147.51,185.68.147.55,185.68.0.0,,,,true,,
18.196.181.52,18.196.181.52,18.196.0.0,true,,,true,,
194.122.176.192,194.122.176.193,194.122.0.0,,,,true,,
186.189.195.73,186.189.195.73,186.189.0.0,,,,true,,
185.111.121.219,185.111.121.219,185.111.0.0,true,,,true,,
185.14.187.52,185.14.187.52,185.14.0.0,true,,,true,,
176.109.10.215,176.109.15.255,176.109.0.0,true,,,,,
188.25.1.49,188.25.1.49,188.25.0.0,,,,true,,
186.48.30.21,186.48.30.21,186.48.0.0,,,,true,,
178.208.23.181,178.208.23.181,178.208.0.0,,,,true,,
185.119.234.89,185.119.234.91,185.119.0.0,true,,,true,,
185.64.114.50,185.64.114.50,185.64.0.0,true,,,true,,
185.83.186.218,185.83.186.218,185.83.0.0,true,,,true,,
182.158.131.196,182.158.131.196,182.158.0.0,,,,true,,
186.48.132.113,186.48.132.113,186.48.0.0,,,,true,,
177.145.183.190,177.145.183.190,177.145.0.0,,,,true,,
18.179.123.85,18.179.123.85,18.179.0.0,true,,,true,,
175.157.113.184,175.157.113.184,175.157.0.0,,,,true,,
192.170.146.56,192.170.146.57,192.170.0.0,true,,,,,
193.252.57.27,193.252.57.27,193.252.0.0,,,,true,,
183.166.114.61,183.166.114.61,183.166.0.0,,,,true,,
182.141.38.174,182.141.38.174,182.141.0.0,,,,true,,
193.49.246.142,193.49.246.143,193.49.0.0,,,,true,,
180.39.130.57,180.39.130.57,180.39.0.0,,,,true,,
184.151.129.133,184.151.129.133,184.151.0.0,true,,,true,,
187.190.112.75,187.190.112.75,187.190.0.0,,,,true,,
176.95.194.30,176.95.194.30,176.95.0.0,,,,true,,
18.188.214.51,18.188.214.51,18.188.0.0,true,,,true,,
185.49.168.116,185.49.168.117,185.49.0.0,,,,true,,
175.243.121.196,175.243.121.196,175.243.0.0,,,,true,,
188.61.193.161,188.61.193.161,188.61.0.0,,,,true,,
185.51.41.114,185.51.41.255,185.51.0.0,true,,,,,
185.43.249.242,185.43.249.242,185.43.0.0,true,,,true,,
188.122.34.253,188.122.34.253,188.122.0.0,,,,true,,
185.155.129.126,185.155.129.154,185.155.0.0,true,,,,,
186.193.228.171,186.193.228.175,186.193.0.0,true,,,,,
188.114.50.170,188.114.50.170,188.114.0.0,,,,true,,
182.37.111.228,182.37.111.228,182.37.0.0,,,,true,,
184.185.31.100,184.185.31.101,184.185.0.0,,,,true,,
188.64.164.252,188.64.164.252,188.64.0.0,,,,true,,
180.54.72.43,180.54.72.43,180.54.0.0,,,,true,,
180.17.244.23,180.17.244.23,180.17.0.0,,,,true,,
185.180.125.22,185.180.125.22,185.180.0.0,,,,true,,
179.252.125.26,179.252.125.26,179.252.0.0,,,,true,,
194.135.54.246,194.135.54.246,194.135.0.0,,,,true,,
179.52.157.13,179.52.157.13,179.52.0.0,,,,true,,
18.133.18.45,18.133.18.45,18.133.0.0,true,,,true,,
181.49.161.74,181.49.161.74,181.49.0.0,,,,true,,
185.141.6.0,185.141.6.255,185.141.0.0,true,,,,,
186.0.162.124,186.0.162.124,186.0.0.0,,,,true,,
188.114.26.5,188.114.26.5,188.114.0.0,,,,true,,
186.24.219.226,186.24.219.226,186.24.0.0,,,,true,,
180.16.119.115,180.16.119.115,180.16.0.0,,,,true,,
192.255.234.136,192.255.255.255,192.255.0.0,true,,,,,
193.224.67.36,193.224.67.36,193.224.0.0,,,,true,,
185.205.12.0,185.205.12.125,185.205.0.0,true,,,,,
178.140.226.92,178.140.226.92,178.140.0.0,,,,true,,
183.6.114.221,183.6.114.222,183.6.0.0,,,,true,,
177.242.104.74,177.242.104.74,177.242.0.0,,,,true,,
178.79.180.113,178.79.180.113,178.79.0.0,true,,,true,,
176.31.182.117,176.31.182.117,176.31.0.0,true,,,true,,
180.117.253.221,180.117.253.221,180.117.0.0,,,,true,,
182.111.121.176,182.111.121.183,182.111.0.0,,,,true,,
183.17.229.168,183.17.229.168,183.17.0.0,,,,true,,
178.249.65.23,178.249.66.9,178.249.0.0,true,,,,,
193.64.253.107,193.64.253.107,193.64.0.0,,,,true,,
189.80.133.58,189.80.133.58,189.80.0.0,,,,true,,
194.32.75.1,194.32.75.3,194.32.0.0,,,,true,,
184.181.19.86,184.181.19.86,184.181.0.0,,,,true,,
184.64.15.158,184.64.15.158,184.64.0.0,,,,true,,
185.254.69.106,185.254.69.107,185.254.0.0,true,,,true,,
186.4.147.100,186.4.147.100,186.4.0.0,,,,true,,
185.144.48.10,185.144.48.10,185.144.0.0,,,,true,,
187.95.217.125,187.95.217.125,187.95.0.0,true,,,true,,
189.157.97.92,189.157.97.92,189.157.0.0,,,,true,,
193.227.199.20,193.227.199.20,193.227.0.0,,,,true,,
194.17.163.180,194.17.163.180,194.17.0.0,,,,true,,
182.149.82.168,182.149.82.168,182.149.0.0,,,,true,,
188.210.48.154,188.210.48.154,188.210.0.0,,,,true,,
184.60.52.234,184.60.52.234,184.60.0.0,,,,true,,
180.117.135.226,180.117.135.226,180.117.0.0,,,,true,,
176.122.90.5,176.122.90.5,176.122.0.0,,,,true,,
178.140.56.168,178.140.56.168,178.140.0.0,,,,true,,
177.92.94.231,177.92.94.233,177.92.0.0,true,,,,,
194.199.220.226,194.199.220.226,194.199.0.0,,,,true,,
188.40.51.232,188.40.51.232,188.40.0.0,true,true,,,,
192.12.222.130,192.12.222.130,192.12.0.0,true,,,true,,
178.193.5.177,178.193.5.178,178.193.0.0,,,,true,,
189.223.162.30,189.223.162.30,189.223.0.0,,,,true,,
192.241.213.24,192.241.213.24,192.241.0.0,true,,,true,,
176.35.146.240,176.35.146.255,176.35.0.0,,,,true,,
188.143.66.21,188.143.66.21,188.143.0.0,,,,true,,
180.46.151.9,180.46.151.9,180.46.0.0,,,,true,,
175.196.238.45,175.196.238.45,175.196.0.0,,,,true,,
184.68.87.178,184.68.87.178,184.68.0.0,,,,true,,
193.252.27.56,193.252.27.56,193.252.0.0,,,,true,,
183.154.3.143,183.154.3.143,183.154.0.0,,,,true,,
185.236.160.42,185.236.160.42,185.236.0.0,true,,,true,,
192.163.231.228,192.163.232.7,192.163.0.0,true,,,,,
178.208.138.197,178.208.138.197,178.208.0.0,,,,true,,
180.50.158.153,180.50.158.153,180.50.0.0,,,,true,,
184.69.45.82,184.69.45.82,184.69.0.0,,,,true,,
185.190.116.68,185.190.116.68,185.190.0.0,true,,,true,,
177.194.75.226,177.194.75.226,177.194.0.0,,,,true,,
184.161.6.118,184.161.6.118,184.161.0.0,,,,true,,
177.133.196.189,177.133.196.189,177.133.0.0,,,,true,,
188.40.52.251,188.40.53.17,188.40.0.0,true,,,,,
185.31.94.71,185.31.94.71,185.31.0.0,,,,true,,
188.32.68.140,188.32.68.140,188.32.0.0,,,,true,,
192.225.186.141,192.225.186.141,192.225.0.0,,,,true,,
177.247.6.246,177.247.6.246,177.247.0.0,,,,true,,
192.34.164.189,192.34.164.189,192.34.0.0,,,,true,,
175.10.188.125,175.10.188.125,175.10.0.0,,,,true,,
183.187.112.154,183.187.112.154,183.187.0.0,,,,true,,
178.62.89.209,178.62.89.222,178.62.0.0,true,,,,,
185.240.111.76,185.240.111.76,185.240.0.0,true,,,true,,
18.178.53.89,18.178.54.104,18.178.0.0,true,,,,,
178.122.71.204,178.122.71.204,178.122.0.0,,,,true,,
178.140.220.108,178.140.220.108,178.140.0.0,,,,true,,
18.204.180.19,18.204.180.131,18.204.0.0,true,,,,,
177.57.182.91,177.57.182.91,177.57.0.0,,,,true,,
177.177.208.207,177.177.208.207,177.177.0.0,,,,true,,
182.79.33.50,182.79.33.52,182.79.0.0,,,,true,,
18.159.40.55,18.159.40.209,18.159.0.0,true,,,,,
185.13.29.110,185.13.29.110,185.13.0.0,,,,true,,
189.166.193.138,189.166.193.138,189.166.0.0,,,,true,,
182.245.201.164,182.245.201.164,182.245.0.0,,,,true,,
176.161.221.13,176.161.221.13,176.161.0.0,,,,true,,
177.126.4.190,177.126.4.190,177.126.0.0,,,,true,,
180.27.208.7,180.27.208.7,180.27.0.0,,,,true,,
193.240.100.145,193.240.100.147,193.240.0.0,,,,true,,
185.37.213.17,185.37.213.17,185.37.0.0,,,,true,,
182.143.13.152,182.143.13.152,182.143.0.0,,,,true,,
188.170.248.231,188.170.248.231,188.170.0.0,,,,true,,
175.182.108.249,175.182.108.249,175.182.0.0,,,,true,,
176.35.84.44,176.35.84.44,176.35.0.0,,,,true,,
193.251.66.253,193.251.66.253,193.251.0.0,,,,true,,
178.44.79.234,178.44.79.234,178.44.0.0,,,,true,,
176.97.14.193,176.97.14.193,176.97.0.0,,,,true,,
187.157.229.142,187.157.229.142,187.157.0.0,,,,true,,
178.216.23.55,178.216.23.55,178.216.0.0,,,,true,,
185.117.38.112,185.117.38.112,185.117.0.0,true,,,true,,
189.69.116.234,189.69.116.234,189.69.0.0,,,,true,,
193.83.164.67,193.83.164.67,193.83.0.0,,,,true,,
178.170.150.238,178.170.151.17,178.170.0.0,true,,,,,
177.86.112.214,177.86.112.214,177.86.0.0,,,,true,,
176.65.252.149,176.65.252.149,176.65.0.0,,,,true,,
190.64.80.90,190.64.80.94,190.64.0.0,,,,true,,
185.147.82.23,185.147.82.23,185.147.0.0,true,,,true,,
178.93.37.51,178.93.37.51,178.93.0.0,,,,true,,
193.105.172.0,193.105.172.1,193.105.0.0,true,,,true,,
185.12.202.202,185.12.202.202,185.12.0.0,,,,true,,
185.134.111.224,185.134.111.224,185.134.0.0,,,,true,,
190.13.84.20,190.13.84.20,190.13.0.0,,,,true,,
194.136.205.160,194.136.205.161,194.136.0.0,,,,true,,
183.245.240.134,183.245.240.134,183.245.0.0,,,,true,,
18.159.186.181,18.159.186.203,18.159.0.0,true,,,,,
180.114.190.53,180.114.190.53,180.114.0.0,,,,true,,
180.67.251.112,180.67.251.112,180.67.0.0,,,,true,,
193.233.165.38,193.233.165.38,193.233.0.0,,,,true,,
18.198.155.57,18.198.155.135,18.198.0.0,true,,,,,
176.223.94.11,176.223.94.17,176.223.0.0,true,,,,,
187.50.141.98,187.50.141.98,187.50.0.0,,,,true,,
188.167.211.246,188.167.211.246,188.167.0.0,,,,true,,
182.78.227.244,182.78.227.244,182.78.0.0,,,,true,,
185.106.176.196,185.106.176.205,185.106.0.0,true,,,,,
193.98.119.206,193.98.119.206,193.98.0.0,,,,true,,
178.67.71.149,178.67.71.149,178.67.0.0,,,,true,,
185.146.237.151,185.146.237.154,185.146.0.0,true,,,true,,
180.222.164.121,180.222.164.121,180.222.0.0,,,,true,,
175.120.67.232,175.120.67.239,175.120.0.0,,,,true,,
179.27.167.112,179.27.167.112,179.27.0.0,,,,true,,
191.37.224.212,191.37.224.212,191.37.0.0,,,,true,,
176.175.83.187,176.175.83.187,176.175.0.0,,,,true,,
194.68.182.243,194.68.182.255,194.68.0.0,true,,,,,
185.26.196.107,185.26.196.107,185.26.0.0,,,,true,,
175.245.150.143,175.245.150.143,175.245.0.0,,,,true,,
178.251.86.247,178.251.86.247,178.251.0.0,,,,true,,
176.41.5.101,176.41.5.101,176.41.0.0,,,,true,,
188.255.17.176,188.255.17.191,188.255.0.0,,,,true,,
187.189.124.214,187.189.124.214,187.189.0.0,,,,true,,
175.43.156.35,175.43.156.35,175.43.0.0,,,,true,,
192.53.122.166,192.53.122.166,192.53.0.0,true,,,true,,
186.226.168.253,186.226.168.253,186.226.0.0,,,,true,,
182.138.106.27,182.138.106.28,182.138.0.0,,,,true,,
176.78.79.239,176.78.79.239,176.78.0.0,,,,true,,
184.187.8.131,184.187.8.131,184.187.0.0,,,,true,,
174.90.176.150,174.90.176.150,174.90.0.0,,,,true,,
190.195.243.7,190.195.243.7,190.195.0.0,,,,true,,
180.106.19.137,180.106.19.137,180.106.0.0,,,,true,,
175.178.121.38,175.178.121.38,175.178.0.0,true,,,true,,
179.225.149.153,179.225.149.153,179.225.0.0,,,,true,,
185.205.115.1,185.205.115.1,185.205.0.0,,,,true,,
194.156.236.186,194.156.236.186,194.156.0.0,,,,true,,
185.117.228.252,185.117.228.252,185.117.0.0,,,,true,,
193.77.34.210,193.77.34.210,193.77.0.0,,,,true,,
183.82.112.4,183.82.112.4,183.82.0.0,,,,true,,
176.35.204.194,176.35.204.194,176.35.0.0,,,,true,,
181.12.6.37,181.12.6.37,181.12.0.0,,,,true,,
186.4.9.99,186.4.9.99,186.4.0.0,,,,true,,
188.241.19.232,188.241.19.241,188.241.0.0,true,,,,,
175.209.148.216,175.209.148.216,175.209.0.0,,,,true,,
191.209.21.227,191.209.21.227,191.209.0.0,,,,true,,
179.27.152.98,179.27.152.98,179.27.0.0,,,,true,,
175.202.195.220,175.202.195.220,175.202.0.0,,,,true,,
188.92.133.158,188.92.133.158,188.92.0.0,true,,,true,,
189.208.86.178,189.208.86.178,189.208.0.0,,,,true,,
18.204.121.238,18.204.121.238,18.204.0.0,true,,,true,,
184.70.193.42,184.70.193.42,184.70.0.0,,,,true,,
187.109.84.165,187.109.84.165,187.109.0.0,true,,,true,,
178.57.35.30,178.57.35.30,178.57.0.0,,,,true,,
176.52.11.44,176.52.11.44,176.52.0.0,,,,true,,
182.118.98.236,182.118.98.236,182.118.0.0,,,,true,,
194.143.230.146,194.143.230.146,194.143.0.0,,,,true,,
182.54.158.107,182.54.158.108,182.54.0.0,,,,true,,
176.99.131.205,176.99.131.205,176.99.0.0,,,,true,,
193.48.4.5,193.48.4.5,193.48.0.0,,,,true,,
176.235.187.130,176.235.187.130,176.235.0.0,,,,true,,
190.14.200.26,190.14.200.26,190.14.0.0,,,,true,,
18.132.186.55,18.132.186.132,18.132.0.0,true,,,,,
177.135.25.243,177.135.25.243,177.135.0.0,,,,true,,
186.48.65.237,186.48.65.237,186.48.0.0,,,,true,,
185.102.72.130,185.102.72.130,185.102.0.0,true,,,true,,
187.9.127.96,187.9.127.96,187.9.0.0,,,,true,,
192.228.191.159,192.228.191.159,192.228.0.0,,,,true,,
180.48.64.163,180.48.64.163,180.48.0.0,,,,true,,
176.199.75.7,176.199.75.7,176.199.0.0,,,,true,,
189.175.198.251,189.175.198.251,189.175.0.0,,,,true,,
185.138.222.0,185.138.222.2,185.138.0.0,true,,,,,
18.179.121.227,18.179.121.227,18.179.0.0,true,,,true,,
180.150.62.92,180.150.62.95,180.150.0.0,,,,true,,
185.100.69.158,185.100.69.158,185.100.0.0,,,,true,,
187.45.157.33,187.45.157.33,187.45.0.0,,,,true,,
184.59.28.133,184.59.28.133,184.59.0.0,,,,true,,
184.23.135.132,184.23.135.135,184.23.0.0,,,,true,,
174.93.213.146,174.93.213.147,174.93.0.0,,,,true,,
177.8.220.62,177.8.220.76,177.8.0.0,true,,,,,
176.10.206.124,176.10.206.124,176.10.0.0,,,,true,,
188.32.16.162,188.32.16.162,188.32.0.0,,,,true,,
178.89.109.246,178.89.109.246,178.89.0.0,,,,true,,
192.241.178.90,192.241.178.93,192.241.0.0,true,,,,,
175.43.187.225,175.43.187.225,175.43.0.0,,,,true,,
193.90.235.162,193.90.235.162,193.90.0.0,,,,true,,
180.116.51.214,180.116.51.214,180.116.0.0,,,,true,,
193.69.42.166,193.69.42.166,193.69.0.0,,,,true,,
185.171.130.79,185.171.130.79,185.171.0.0,,,,true,,
18.203.166.189,18.203.166.189,18.203.0.0,true,,,true,,
178.183.131.49,178.183.131.49,178.183.0.0,,,,true,,
194.126.161.11,194.126.161.12,194.126.0.0,true,,,true,,
185.78.89.3,185.78.89.3,185.78.0.0,,,,true,,
188.39.136.14,188.39.136.14,188.39.0.0,,,,true,,
187.32.187.225,187.32.187.225,187.32.0.0,,,,true,,
176.197.220.238,176.197.220.238,176.197.0.0,,,,true,,
185.96.163.138,185.96.163.139,185.96.0.0,true,,,true,,
179.27.3.210,179.27.3.210,179.27.0.0,,,,true,,
18.196.165.3,18.196.165.114,18.196.0.0,true,,,,,
18.211.88.47,18.211.88.47,18.211.0.0,true,,,true,,
175.4.112.38,175.4.112.38,175.4.0.0,,,,true,,
186.136.168.233,186.136.168.233,186.136.0.0,,,,true,,
175.115.139.156,175.115.139.156,175.115.0.0,,,,true,,
175.233.247.106,175.233.247.106,175.233.0.0,,,,true,,
185.54.158.26,185.54.158.32,185.54.0.0,true,,,,,
193.117.177.68,193.117.177.68,193.117.0.0,,,,true,,
