start_ip,end_ip,join_key,size,domain
103.10.12.251,103.10.12.251,103.10.0.0,1,251-12-10-103-on-nets.com
109.188.28.1,109.188.28.254,109.188.0.0,254,yota.ru
106.75.115.141,106.75.115.141,106.75.0.0,1,vpprxmg.cn
109.133.155.115,109.133.155.116,109.133.0.0,2,belgacom.be
113.11.15.96,113.11.15.96,113.11.0.0,1,113-11-15-96-smile.com.bd
112.213.38.161,112.213.38.161,112.213.0.0,1,ajlogistics.com.au
103.1.150.117,103.1.150.117,103.1.0.0,1,waterlinkasia.com
108.102.176.206,108.102.177.34,108.102.0.0,85,spcsdns.net
108.179.210.81,108.179.210.81,108.179.0.0,1,exceldogtreats.com
111.189.48.156,111.189.48.156,111.189.0.0,1,bbtec.net
113.11.16.171,113.11.16.171,113.11.0.0,1,113-11-16-171-smile.com.bd
109.75.167.88,109.75.167.89,109.75.0.0,2,ct-dent.co.uk
107.155.71.106,107.155.71.106,107.155.0.0,1,107-155-71-106-customer-incero.com
107.36.17.49,107.36.17.160,107.36.0.0,112,spcsdns.net
109.159.233.79,109.159.233.79,109.159.0.0,1,bt.net
103.227.60.195,103.227.60.195,103.227.0.0,1,gradyhomes.com.au
103.246.249.68,103.246.249.68,103.246.0.0,1,lkonestop.club
107.155.252.62,107.155.252.62,107.155.0.0,1,ervilunitbusiness.com
104.232.94.25,104.232.94.25,104.232.0.0,1,104-232-94-25.in-addr.arpa
104.223.48.234,104.223.48.238,104.223.0.0,5,rucoten.co.uk
109.71.194.122,109.71.194.122,109.71.0.0,1,pleiades.vg
103.239.77.177,103.239.77.177,103.239.0.0,1,103.in-addr.arpa
1.114.47.14,1.114.47.15,1.114.0.0,2,bbtec.net
104.171.16.222,104.171.16.222,104.171.0.0,1,dotology.net
111.109.37.128,111.109.37.223,111.109.0.0,96,dion.ne.jp
110.77.150.203,110.77.150.203,110.77.0.0,1,denovoenergy.com
108.62.122.153,108.62.122.153,108.62.0.0,1,ptcfast.com
107.175.42.200,107.175.42.200,107.175.0.0,1,cardoptionsnow.com
110.142.130.167,110.142.130.167,110.142.0.0,1,telstra.net
109.117.149.234,109.117.149.234,109.117.0.0,1,vodafone.it
103.67.236.75,103.67.236.75,103.67.0.0,1,glovision.co
110.92.18.1,110.92.18.254,110.92.0.0,254,netspeed.net.nz
106.0.38.87,106.0.38.87,106.0.0.0,1,106-87.in-addr.arpa
103.58.116.100,103.58.116.100,103.58.0.0,1,jct.ac.in
104.237.135.17,104.237.135.17,104.237.0.0,1,emailconfirm.io
107.50.152.92,107.50.153.48,107.50.0.0,213,spcsdns.net
1.115.182.30,1.115.182.30,1.115.0.0,1,bbtec.net
111.190.128.45,111.190.128.46,111.190.0.0,2,bbtec.net
105.255.156.76,105.255.156.76,105.255.0.0,1,newsclip.co.za
108.227.41.137,108.227.41.137,108.227.0.0,1,breaultasphalt.com
101.1.46.214,101.1.46.214,101.1.0.0,1,kia.com
104.248.136.154,104.248.136.154,104.248.0.0,1,cloudwaysapps.com
109.237.27.95,109.237.27.96,109.237.0.0,2,linode.com
103.51.144.180,103.51.144.181,103.51.0.0,2,worra.com
108.61.30.176,108.61.30.176,108.61.0.0,1,choopa.net
104.37.115.123,104.37.115.123,104.37.0.0,1,104-37-115-123-wavedirect.net
109.254.1.196,109.254.1.196,109.254.0.0,1,dec.net.ua
104.216.8.45,104.216.8.46,104.216.0.0,2,psychz.net
104.57.59.91,104.57.59.254,104.57.0.0,164,sbcglobal.net
103.9.78.166,103.9.78.166,103.9.0.0,1,froids.es
109.122.99.42,109.122.99.42,109.122.0.0,1,sn.co.rs
109.129.89.177,109.129.89.214,109.129.0.0,38,belgacom.be
102.68.58.99,102.68.58.100,102.68.0.0,2,azuraconsulting.com
110.1.93.1,110.1.93.254,110.1.0.0,254,yournet.ne.jp
111.191.96.189,111.191.96.189,111.191.0.0,1,bbtec.net
107.62.242.33,107.62.242.76,107.62.0.0,44,spcsdns.net
108.127.37.25,108.127.37.45,108.127.0.0,21,spcsdns.net
104.245.38.37,104.245.38.37,104.245.0.0,1,200kmba.com
103.197.58.128,103.197.58.128,103.197.0.0,1,returnlegacy.com
109.111.190.47,109.111.190.47,109.111.0.0,1,siberia.net
107.182.220.1,107.182.220.254,107.182.0.0,254,directcom.com
111.190.5.50,111.190.5.51,111.190.0.0,2,bbtec.net
113.11.111.215,113.11.111.215,113.11.0.0,1,113-11-111-215-smile.com.bd
107.179.53.67,107.179.53.67,107.179.0.0,1,654043.cc
103.199.187.20,103.199.187.20,103.199.0.0,1,dedinetwork.com
101.187.126.211,101.187.126.211,101.187.0.0,1,telstra.net
109.238.6.116,109.238.6.116,109.238.0.0,1,example.com
107.6.165.192,107.6.165.199,107.6.0.0,8,studiosanpaolo.info
113.11.117.24,113.11.117.24,113.11.0.0,1,113-11-117-24-smile.com.bd
110.142.164.249,110.142.164.249,110.142.0.0,1,telstra.net
102.130.114.201,102.130.114.201,102.130.0.0,1,v-dns.net
109.117.141.125,109.117.141.125,109.117.0.0,1,vodafone.it
109.237.212.125,109.237.212.125,109.237.0.0,1,concatenate.nl
107.181.191.156,107.181.191.156,107.181.0.0,1,nc6roiroi.com
109.73.166.238,109.73.166.238,109.73.0.0,1,codelogicx.com
103.30.168.47,103.30.168.47,103.30.0.0,1,securebits.com.au
1.115.192.134,1.115.192.138,1.115.0.0,5,bbtec.net
109.123.222.155,109.123.222.155,109.123.0.0,1,intersite.cz
1.112.217.158,1.112.217.158,1.112.0.0,1,bbtec.net
109.72.6.226,109.72.6.226,109.72.0.0,1,kacha.eu
103.145.51.75,103.145.51.75,103.145.0.0,1,venavis.in
107.0.8.70,107.0.8.80,107.0.0.0,11,comcastbusiness.net
109.239.87.188,109.239.87.188,109.239.0.0,1,cypartners.co.uk
103.21.252.3,103.21.252.3,103.21.0.0,1,ryberg.com.my
103.165.49.11,103.165.49.11,103.165.0.0,1,bdcustoms.gov.bd
103.154.184.220,103.154.184.226,103.154.0.0,7,hostingraja.in
103.24.209.47,103.24.209.47,103.24.0.0,1,standrewsfg.qld.edu.au
103.246.146.217,103.246.146.232,103.246.0.0,16,had.wf
109.134.250.104,109.134.250.174,109.134.0.0,71,belgacom.be
1.113.59.77,1.113.59.78,1.113.0.0,2,bbtec.net
103.231.252.11,103.231.252.11,103.231.0.0,1,sosomedia.hk
107.21.248.72,107.21.248.101,107.21.0.0,30,amazonaws.com
1.114.195.202,1.114.195.210,1.114.0.0,9,bbtec.net
107.0.197.25,107.0.197.25,107.0.0.0,1,omegasystemscorp.com
107.191.118.248,107.191.118.249,107.191.0.0,2,ramnode.com
103.211.209.194,103.211.209.194,103.211.0.0,1,otw.net.au
109.18.47.70,109.18.47.72,109.18.0.0,3,sfr.net
107.174.227.8,107.174.227.8,107.174.0.0,1,slowredcars.com
104.131.118.172,104.131.118.172,104.131.0.0,1,control-pos.com
102.141.178.239,102.141.178.239,102.141.0.0,1,102-141-178-239.in-addr.arpa
106.177.163.1,106.177.163.254,106.177.0.0,254,dion.ne.jp
111.190.154.69,111.190.154.74,111.190.0.0,6,bbtec.net
113.11.101.7,113.11.101.7,113.11.0.0,1,113-11-101-7-smile.com.bd
108.35.22.1,108.35.22.1,108.35.0.0,1,verizon-gni.net
103.65.237.68,103.65.237.81,103.65.0.0,14,65.in-addr.arpa
109.254.13.148,109.254.13.148,109.254.0.0,1,dec.net.ua
109.104.85.82,109.104.85.82,109.104.0.0,1,webfusion.co.uk
109.164.218.185,109.164.218.193,109.164.0.0,9,swisscom.ch
1.113.65.233,1.113.65.236,1.113.0.0,4,bbtec.net
104.168.148.165,104.168.148.165,104.168.0.0,1,lifecost.co
103.5.4.72,103.5.4.72,103.5.0.0,1,hoi.com.ph
107.22.197.81,107.22.197.87,107.22.0.0,7,amazonaws.com
111.191.111.69,111.191.111.73,111.191.0.0,5,bbtec.net
102.141.180.252,102.141.180.252,102.141.0.0,1,102-141-180-252.in-addr.arpa
103.76.181.21,103.76.181.22,103.76.0.0,2,vpshispeed.net
104.131.108.77,104.131.108.77,104.131.0.0,1,inglesenxuto.com.br
103.246.111.182,103.246.111.182,103.246.0.0,1,worldcall.net.pk
102.141.189.111,102.141.189.111,102.141.0.0,1,102-141-189-111.in-addr.arpa
104.218.49.147,104.218.49.150,104.218.0.0,4,trouble-free.net
109.254.23.84,109.254.23.84,109.254.0.0,1,dec.net.ua
109.250.115.1,109.250.115.254,109.250.0.0,254,versanet.de
1.115.121.243,1.115.121.243,1.115.0.0,1,bbtec.net
103.8.24.64,103.8.24.65,103.8.0.0,2,glocal.com.my
111.89.135.204,111.89.135.204,111.89.0.0,1,ohtamacc.jp
104.200.64.177,104.200.64.181,104.200.0.0,5,citizentop.com
107.170.80.232,107.170.80.232,107.170.0.0,1,netadventist.org
100.14.159.1,100.14.159.1,100.14.0.0,1,verizon-gni.net
107.22.194.236,107.22.194.236,107.22.0.0,1,securednsserver.net
109.224.207.193,109.224.207.195,109.224.0.0,3,109.in-addr.arpa
113.11.28.114,113.11.28.114,113.11.0.0,1,113-11-28-114-smile.com.bd
104.237.9.74,104.237.9.74,104.237.0.0,1,arlisc.org
109.134.87.197,109.134.87.202,109.134.0.0,6,belgacom.be
113.11.108.131,113.11.108.131,113.11.0.0,1,113-11-108-131-smile.com.bd
109.132.19.17,109.132.19.24,109.132.0.0,8,belgacom.be
103.204.64.90,103.204.64.90,103.204.0.0,1,bis-hop.jp
110.142.251.237,110.142.251.238,110.142.0.0,2,telstra.net
103.136.42.102,103.136.42.102,103.136.0.0,1,hosted-by-worldstream.net
107.32.51.213,107.32.51.250,107.32.0.0,38,spcsdns.net
110.145.161.133,110.145.161.134,110.145.0.0,2,telstra.net
1.34.140.251,1.34.140.251,1.34.0.0,1,tacotsai.idv.tw
109.125.64.207,109.125.65.4,109.125.0.0,54,pyur.net
109.131.42.151,109.131.42.164,109.131.0.0,14,belgacom.be
104.168.111.164,104.168.111.164,104.168.0.0,1,modernlai.store
101.0.108.58,101.0.108.62,101.0.0.0,5,hostserver.com.au
109.167.215.162,109.167.215.162,109.167.0.0,1,mpnw.ru
109.195.149.241,109.195.149.250,109.195.0.0,10,ertelecom.ru
108.61.86.74,108.61.86.81,108.61.0.0,8,vultr.com
109.90.7.163,109.90.8.68,109.90.0.0,162,vodafone-ip.de
107.189.168.162,107.189.168.164,107.189.0.0,3,clipayer.icu
110.143.79.44,110.143.79.46,110.143.0.0,3,telstra.net
110.145.80.41,110.145.80.41,110.145.0.0,1,telstra.net
104.248.247.231,104.248.247.231,104.248.0.0,1,cloudwaysapps.com
108.80.217.154,108.80.217.154,108.80.0.0,1,robinsonelectric.com
109.192.19.76,109.192.19.76,109.192.0.0,1,kanzlei-lungstras.de
113.11.123.215,113.11.123.215,113.11.0.0,1,113-11-123-215-smile.com.bd
107.1.116.42,107.1.116.44,107.1.0.0,3,comcastbusiness.net
106.172.220.1,106.172.220.254,106.172.0.0,254,dion.ne.jp
104.234.238.129,104.234.238.255,104.234.0.0,127,securepppoe.ca
1.114.239.53,1.114.239.54,1.114.0.0,2,bbtec.net
111.188.137.0,111.188.137.3,111.188.0.0,4,bbtec.net
103.15.40.9,103.15.40.9,103.15.0.0,1,162-level3carrier.net
106.185.192.0,106.185.223.255,106.185.0.0,8192,dion.ne.jp
108.175.15.25,108.175.15.25,108.175.0.0,1,datashops.com
111.190.176.8,111.190.176.10,111.190.0.0,3,bbtec.net
102.141.152.155,102.141.152.155,102.141.0.0,1,102-141-152-155.in-addr.arpa
104.248.235.40,104.248.235.40,104.248.0.0,1,damagemonitor.com
104.217.142.1,104.217.142.81,104.217.0.0,81,psychz.net
110.145.162.181,110.145.162.182,110.145.0.0,2,telstra.net
103.238.221.46,103.238.221.62,103.238.0.0,17,sarvmail.com
109.228.26.247,109.228.26.247,109.228.0.0,1,riskassessor.net
113.11.29.128,113.11.29.128,113.11.0.0,1,113-11-29-128-smile.com.bd
109.248.201.29,109.248.201.30,109.248.0.0,2,cloud4box.ru
111.111.50.1,111.111.50.254,111.111.0.0,254,dion.ne.jp
111.189.151.127,111.189.151.128,111.189.0.0,2,bbtec.net
1.114.247.79,1.114.247.84,1.114.0.0,6,bbtec.net
1.114.42.239,1.114.42.239,1.114.0.0,1,bbtec.net
1.115.42.215,1.115.42.216,1.115.0.0,2,bbtec.net
109.234.39.31,109.234.39.31,109.234.0.0,1,diskordapp.ru
103.26.40.140,103.26.40.142,103.26.0.0,3,bizmailcloud.com
102.141.130.201,102.141.130.201,102.141.0.0,1,102-141-130-201.in-addr.arpa
105.16.10.2,105.16.10.2,105.16.0.0,1,zaseacomnet.com
103.9.169.40,103.9.169.40,103.9.0.0,1,nosetotailvps.com
106.133.194.1,106.133.194.254,106.133.0.0,254,au-net.ne.jp
110.142.98.31,110.142.98.31,110.142.0.0,1,telstra.net
110.143.7.214,110.143.7.214,110.143.0.0,1,telstra.net
109.228.36.74,109.228.36.74,109.228.0.0,1,online-server.cloud
104.171.253.1,104.171.253.254,104.171.0.0,254,epbfi.com
110.143.187.126,110.143.187.129,110.143.0.0,4,telstra.net
109.70.2.76,109.70.2.76,109.70.0.0,1,it1.nl
109.205.178.62,109.205.178.62,109.205.0.0,1,e-manager.work
106.75.105.85,106.75.105.85,106.75.0.0,1,4vxouyq.cn
109.232.152.26,109.232.152.26,109.232.0.0,1,msdigital.co.uk
103.163.160.252,103.163.160.252,103.163.0.0,1,as.net.id
104.131.140.27,104.131.140.27,104.131.0.0,1,4000114.com
106.51.237.55,106.51.238.73,106.51.0.0,275,actcorp.in
110.170.9.38,110.170.9.48,110.170.0.0,11,asianet.co.th
104.248.137.251,104.248.137.251,104.248.0.0,1,ondigitalocean.com
109.129.141.105,109.129.141.111,109.129.0.0,7,belgacom.be
111.90.145.210,111.90.145.210,111.90.0.0,1,bicicletasarco.com
1.113.200.19,1.113.200.19,1.113.0.0,1,bbtec.net
103.16.129.82,103.16.129.82,103.16.0.0,1,crypt.net.au
108.129.11.21,108.129.11.21,108.129.0.0,1,demits.eu
1.113.137.192,1.113.137.192,1.113.0.0,1,bbtec.net
103.138.37.27,103.138.37.31,103.138.0.0,5,futurebroadband.com.au
111.65.227.209,111.65.227.209,111.65.0.0,1,isx.net.nz
109.233.80.3,109.233.80.28,109.233.0.0,26,109.in-addr.arpa
108.59.196.165,108.59.196.165,108.59.0.0,1,gireatv.site
107.0.83.37,107.0.83.37,107.0.0.0,1,comcast.net
107.173.194.162,107.173.194.162,107.173.0.0,1,parkasmock.com
108.11.234.2,108.11.234.254,108.11.0.0,253,verizon.net
109.170.0.100,109.170.0.100,109.170.0.0,1,morka.tv
108.27.67.196,108.27.67.196,108.27.0.0,1,faunaandflora.com
102.141.133.230,102.141.133.230,102.141.0.0,1,102-141-133-230.in-addr.arpa
104.216.0.111,104.216.0.111,104.216.0.0,1,syscjnz.com
101.187.72.54,101.187.72.55,101.187.0.0,2,telstra.net
107.208.96.1,107.208.96.254,107.208.0.0,254,sbcglobal.net
103.11.147.23,103.11.147.23,103.11.0.0,1,gohosting.com.au
109.74.135.66,109.74.135.66,109.74.0.0,1,big.ru
103.197.151.229,103.197.151.229,103.197.0.0,1,indoormade.com
103.7.56.10,103.7.56.10,103.7.0.0,1,eloshost.com
111.188.204.85,111.188.204.89,111.188.0.0,5,bbtec.net
107.53.75.120,107.53.75.254,107.53.0.0,135,spcsdns.net
1.115.47.163,1.115.47.168,1.115.0.0,6,bbtec.net
110.143.97.96,110.143.97.98,110.143.0.0,3,telstra.net
1.114.105.229,1.114.105.231,1.114.0.0,3,bbtec.net
104.237.4.68,104.237.4.68,104.237.0.0,1,plsfollow.me
111.119.225.6,111.119.225.6,111.119.0.0,1,mysipl.com
106.75.156.133,106.75.156.133,106.75.0.0,1,caomuxin.cn
104.248.50.106,104.248.50.106,104.248.0.0,1,keyclerk.com
111.188.1.27,111.188.1.29,111.188.0.0,3,bbtec.net
107.191.57.82,107.191.57.84,107.191.0.0,3,vultr.com
103.48.17.253,103.48.17.253,103.48.0.0,1,bforest.gov.bd
1.114.189.152,1.114.189.157,1.114.0.0,6,bbtec.net
111.190.202.35,111.190.202.35,111.190.0.0,1,bbtec.net
103.14.178.2,103.14.178.2,103.14.0.0,1,daybreakplasma.com
106.39.4.65,106.39.4.65,106.39.0.0,1,tkamc.com.cn
104.36.254.79,104.36.254.79,104.36.0.0,1,
109.200.215.33,109.200.215.35,109.200.0.0,3,i3d.net
109.248.196.33,109.248.196.33,109.248.0.0,1,33.com
104.236.18.123,104.236.18.123,104.236.0.0,1,bee.software
108.62.60.29,108.62.60.29,108.62.0.0,1,restorta.com
102.141.145.210,102.141.145.210,102.141.0.0,1,102-141-145-210.in-addr.arpa
100.40.64.1,100.40.64.1,100.40.0.0,1,verizon-gni.net
1.114.249.89,1.114.249.92,1.114.0.0,4,bbtec.net
108.174.159.88,108.174.159.97,108.174.0.0,10,worldwidewebhosted.com
100.1.31.2,100.1.31.254,100.1.0.0,253,verizon.net
1.112.29.129,1.112.29.133,1.112.0.0,5,bbtec.net
106.39.12.29,106.39.12.29,106.39.0.0,1,bhmc.com.cn
101.0.64.2,101.0.64.21,101.0.0.0,20,digitalpacific.com.au
110.232.113.93,110.232.113.94,110.232.0.0,2,bnr.la
109.71.40.145,109.71.40.145,109.71.0.0,1,wayacross.net
104.219.72.61,104.219.72.61,104.219.0.0,1,plesk-server.com
109.254.33.54,109.254.33.54,109.254.0.0,1,dec.net.ua
108.170.4.112,108.170.4.112,108.170.0.0,1,securedservers.com
108.92.23.42,108.92.23.67,108.92.0.0,26,sbcglobal.net
1.113.168.215,1.113.168.215,1.113.0.0,1,bbtec.net
109.123.98.176,109.123.98.176,109.123.0.0,1,themodeltreeshop.co.uk
104.248.162.64,104.248.162.64,104.248.0.0,1,onlinepsychics.com
107.138.12.153,107.138.12.153,107.138.0.0,1,thermpro.com
103.90.241.104,103.90.241.104,103.90.0.0,1,cinfoways.in
103.24.67.3,103.24.67.3,103.24.0.0,1,dtsonline.com.au
111.191.242.159,111.191.242.165,111.191.0.0,7,bbtec.net
103.12.10.86,103.12.10.86,103.12.0.0,1,as45671.net.au
109.134.255.237,109.134.255.255,109.134.0.0,30,belgacom.be
107.161.38.107,107.161.38.107,107.161.0.0,1,openmedia.org
109.123.120.250,109.123.120.250,109.123.0.0,1,garlicbreadz.com
108.178.49.72,108.178.49.72,108.178.0.0,1,windowsvm1.com
102.141.191.8,102.141.191.8,102.141.0.0,1,102-141-191-8.in-addr.arpa
104.237.99.1,104.237.99.2,104.237.0.0,2,104.in-addr.arpa
103.150.186.115,103.150.186.115,103.150.0.0,1,axepert.in
108.179.221.60,108.179.221.60,108.179.0.0,1,go-sewell.com
107.190.53.217,107.190.53.217,107.190.0.0,1,teksavvy.com
108.12.13.2,108.12.13.254,108.12.0.0,253,verizon.net
109.233.142.30,109.233.142.30,109.233.0.0,1,subitec.de
104.206.2.62,104.206.2.120,104.206.0.0,59,bravedrivesrc.com
103.206.104.178,103.206.104.178,103.206.0.0,1,103-178.in-addr.arpa
1.115.195.189,1.115.195.190,1.115.0.0,2,bbtec.net
101.99.81.101,101.99.81.102,101.99.0.0,2,kamon.la
107.34.222.218,107.34.222.251,107.34.0.0,34,spcsdns.net
111.188.115.118,111.188.115.118,111.188.0.0,1,bbtec.net
109.74.13.33,109.74.13.33,109.74.0.0,1,telldus.com
108.198.38.1,108.198.38.18,108.198.0.0,18,sbcglobal.net
103.102.1.203,103.102.1.203,103.102.0.0,1,colo.co.id
103.197.150.149,103.197.150.149,103.197.0.0,1,joltopen.com
111.190.107.167,111.190.107.168,111.190.0.0,2,bbtec.net
110.37.218.151,110.37.219.73,110.37.0.0,179,wateen.net
113.11.237.68,113.11.237.69,113.11.0.0,2,hasil.gov.my
103.239.87.30,103.239.87.30,103.239.0.0,1,103-gazonindia.com
102.67.139.159,102.67.139.159,102.67.0.0,1,shopkeeper.co.za
111.188.198.186,111.188.198.187,111.188.0.0,2,bbtec.net
104.207.128.191,104.207.128.191,104.207.0.0,1,hkcradio.com
109.74.10.251,109.74.10.253,109.74.0.0,3,glesys.net
110.170.5.73,110.170.5.73,110.170.0.0,1,trueinternet.co.th
109.205.177.213,109.205.177.216,109.205.0.0,4,legendaryedu.net
1.113.70.53,1.113.70.59,1.113.0.0,7,bbtec.net
1.115.115.66,1.115.115.68,1.115.0.0,3,bbtec.net
109.133.180.249,109.133.181.2,109.133.0.0,10,belgacom.be
104.131.113.158,104.131.113.158,104.131.0.0,1,monbox.com
104.36.254.21,104.36.254.22,104.36.0.0,2,tekify.net
103.253.76.218,103.253.76.218,103.253.0.0,1,
103.70.72.1,103.70.72.3,103.70.0.0,3,as58511.net
100.36.67.1,100.36.67.1,100.36.0.0,1,verizon-gni.net
101.178.203.191,101.178.203.191,101.178.0.0,1,telstra.net
109.72.10.56,109.72.10.69,109.72.0.0,14,pb.cz
101.187.42.230,101.187.42.230,101.187.0.0,1,telstra.net
108.60.158.129,108.60.158.254,108.60.0.0,126,atlanticmetro.net
107.175.94.114,107.175.94.114,107.175.0.0,1,arl.dk
109.237.210.66,109.237.210.66,109.237.0.0,1,hqinternet.nl
107.149.55.81,107.149.55.81,107.149.0.0,1,livesciecne.com
1.114.214.123,1.114.214.128,1.114.0.0,6,bbtec.net
111.188.73.51,111.188.73.51,111.188.0.0,1,bbtec.net
109.128.68.63,109.128.68.65,109.128.0.0,3,belgacom.be
102.64.17.43,102.64.17.43,102.64.0.0,1,backspace.net.za
1.115.9.68,1.115.9.68,1.115.0.0,1,bbtec.net
107.50.241.211,107.50.241.223,107.50.0.0,13,spcsdns.net
104.152.168.218,104.152.168.218,104.152.0.0,1,telecomptable.com
109.74.53.161,109.74.53.161,109.74.0.0,1,bausysteme92.hu
111.191.121.134,111.191.121.135,111.191.0.0,2,bbtec.net
110.34.192.42,110.34.192.42,110.34.0.0,1,hontakanda.us
107.181.187.142,107.181.187.142,107.181.0.0,1,isplevel.pro
109.133.80.232,109.133.81.29,109.133.0.0,54,belgacom.be
109.237.143.1,109.237.143.4,109.237.0.0,4,alfahosting.de
104.206.242.183,104.206.242.183,104.206.0.0,1,ojqq.top
108.161.131.112,108.161.131.112,108.161.0.0,1,webgearstudios.com
109.144.126.51,109.144.126.51,109.144.0.0,1,bt.net
109.168.237.138,109.168.237.139,109.168.0.0,2,stavropol.ru
1.114.242.0,1.114.242.0,1.114.0.0,1,bbtec.net
111.190.73.63,111.190.73.72,111.190.0.0,10,bbtec.net
106.55.202.215,106.55.202.215,106.55.0.0,1,qq.com
1.112.141.172,1.112.141.172,1.112.0.0,1,bbtec.net
108.80.217.217,108.80.217.222,108.80.0.0,6,tridentmortgagegroup.net
108.179.217.162,108.179.217.162,108.179.0.0,1,direktwire.com
104.36.16.32,104.36.16.33,104.36.0.0,2,cloudsigma.net
110.143.86.34,110.143.86.35,110.143.0.0,2,telstra.net
109.168.237.195,109.168.237.197,109.168.0.0,3,stavropol.ru
101.53.143.103,101.53.143.103,101.53.0.0,1,maztechnosoft.com
108.14.114.2,108.14.114.254,108.14.0.0,253,verizon.net
104.144.62.5,104.144.62.5,104.144.0.0,1,metahouseweb.com
103.41.62.251,103.41.63.2,103.41.0.0,8,open.ad.jp
113.11.106.21,113.11.106.21,113.11.0.0,1,113-11-106-21-smile.com.bd
103.244.0.62,103.244.0.62,103.244.0.0,1,dekosapo.clinic
109.120.143.179,109.120.143.179,109.120.0.0,1,rostoksm.ru
104.225.217.187,104.225.217.187,104.225.0.0,1,gh0stshell.com
103.214.180.225,103.214.180.226,103.214.0.0,2,dartracer.com
104.223.200.98,104.223.200.110,104.223.0.0,13,rakuten-account-service5-co-jp.xyz
107.161.22.162,107.161.22.162,107.161.0.0,1,ramnode.com
103.138.115.12,103.138.115.12,103.138.0.0,1,helloocustomers.co.uk
103.244.47.9,103.244.47.9,103.244.0.0,1,inoru.co.jp
103.217.106.99,103.217.106.99,103.217.0.0,1,ratbaggy.net
109.168.125.72,109.168.125.72,109.168.0.0,1,trovagomme.it
1.114.187.146,1.114.187.152,1.114.0.0,7,bbtec.net
103.224.241.47,103.224.241.47,103.224.0.0,1,convergenceservices.co.in
103.19.27.61,103.19.27.62,103.19.0.0,2,youcloud.hk
107.175.124.181,107.175.124.181,107.175.0.0,1,soruarsivi.com
104.37.59.69,104.37.59.69,104.37.0.0,1,ciscours.net
104.130.244.179,104.130.244.179,104.130.0.0,1,bigvoodoo.com
101.187.126.94,101.187.126.94,101.187.0.0,1,telstra.net
112.74.213.128,112.74.213.128,112.74.0.0,1,haoyunqing.com
109.195.67.4,109.195.67.4,109.195.0.0,1,nastena05.ru
108.62.206.185,108.62.206.185,108.62.0.0,1,leaseweb.net
104.131.188.23,104.131.188.23,104.131.0.0,1,theslnk.com
110.55.145.1,110.55.145.255,110.55.0.0,255,bti.net.ph
111.188.190.238,111.188.190.239,111.188.0.0,2,bbtec.net
100.35.79.2,100.35.79.254,100.35.0.0,253,verizon.net
108.62.115.113,108.62.115.113,108.62.0.0,1,ubiquity.io
104.37.115.51,104.37.115.51,104.37.0.0,1,104-37-115-51-wavedirect.net
109.107.202.42,109.107.202.42,109.107.0.0,1,citypg.cz
104.207.155.214,104.207.155.214,104.207.0.0,1,danisagency.com
1.114.30.174,1.114.30.177,1.114.0.0,4,bbtec.net
109.168.232.40,109.168.232.40,109.168.0.0,1,stv.ru
107.53.204.200,107.53.204.221,107.53.0.0,22,spcsdns.net
104.153.97.214,104.153.98.99,104.153.0.0,142,16clouds.com
104.129.65.45,104.129.65.45,104.129.0.0,1,odysseyreports.net
109.128.0.63,109.128.0.98,109.128.0.0,36,belgacom.be
109.117.134.45,109.117.134.45,109.117.0.0,1,vodafonedsl.it
109.202.19.241,109.202.19.241,109.202.0.0,1,tehpt.ru
111.65.230.50,111.65.230.51,111.65.0.0,2,isx.net.nz
111.190.130.235,111.190.130.244,111.190.0.0,10,bbtec.net
109.170.223.232,109.170.223.232,109.170.0.0,1,paydens.com
109.130.27.62,109.130.27.63,109.130.0.0,2,belgacom.be
109.68.214.177,109.68.214.180,109.68.0.0,4,tmweb.ru
104.152.73.88,104.152.73.89,104.152.0.0,2,lmi.org
109.101.126.82,109.101.126.82,109.101.0.0,1,mgtstudios.ro
103.154.185.61,103.154.185.75,103.154.0.0,15,hostingraja.in
111.188.130.62,111.188.130.63,111.188.0.0,2,bbtec.net
108.9.81.2,108.9.81.6,108.9.0.0,5,ae35.net
110.143.88.230,110.143.88.231,110.143.0.0,2,telstra.net
112.25.225.85,112.25.225.85,112.25.0.0,1,kentec-inc.com.cn
103.54.151.27,103.54.151.27,103.54.0.0,1,27-megaspeednet.com
111.188.150.10,111.188.150.18,111.188.0.0,9,bbtec.net
107.132.98.239,107.132.98.254,107.132.0.0,16,sbcglobal.net
110.232.112.16,110.232.112.16,110.232.0.0,1,bosun.nz
110.142.155.38,110.142.155.42,110.142.0.0,5,telstra.net
108.167.154.12,108.167.154.12,108.167.0.0,1,businessinyourcity.com
102.68.14.92,102.68.14.92,102.68.0.0,1,rightnowmatch.com
108.179.204.56,108.179.204.58,108.179.0.0,3,unifiedlayer.com
107.175.87.237,107.175.87.237,107.175.0.0,1,colocrossing.com
108.62.178.1,108.62.178.1,108.62.0.0,1,leaseweb.net
104.181.59.1,104.181.59.1,104.181.0.0,1,whitmantitle.com
104.145.233.190,104.145.233.191,104.145.0.0,2,networkcore.net
111.118.174.69,111.118.174.72,111.118.0.0,4,crucialx.net
106.163.103.1,106.163.103.255,106.163.0.0,255,dion.ne.jp
109.144.69.111,109.144.69.111,109.144.0.0,1,bt.net
109.254.95.1,109.254.95.1,109.254.0.0,1,dec.net.ua
109.201.194.5,109.201.194.22,109.201.0.0,18,mgn.ru
108.179.226.86,108.179.226.86,108.179.0.0,1,unifiedlayer.com
109.231.202.150,109.231.202.150,109.231.0.0,1,nikegroup.co.uk
108.186.104.182,108.186.104.182,108.186.0.0,1,tcn9.net
107.131.29.145,107.131.29.145,107.131.0.0,1,sbcglobal.net
108.167.149.70,108.167.149.70,108.167.0.0,1,reservas.events
103.71.46.189,103.71.46.189,103.71.0.0,1,103-71-0-189-mcnbd.com
108.222.6.137,108.222.6.137,108.222.0.0,1,henry-lee.com
109.71.160.200,109.71.160.201,109.71.0.0,2,livejasmin.com
107.150.36.42,107.150.36.42,107.150.0.0,1,e4to.com
111.90.145.204,111.90.145.204,111.90.0.0,1,indo-blog.info
109.133.178.216,109.133.178.241,109.133.0.0,26,belgacom.be
104.200.19.87,104.200.19.88,104.200.0.0,2,linode.com
1.113.192.86,1.113.192.97,1.113.0.0,12,bbtec.net
104.219.55.97,104.219.55.97,104.219.0.0,1,hwhosting.com
109.123.74.59,109.123.74.59,109.123.0.0,1,sslsite.com
106.75.8.9,106.75.8.9,106.75.0.0,1,xinquyu.com
1.113.177.196,1.113.177.198,1.113.0.0,3,bbtec.net
1.115.180.17,1.115.180.18,1.115.0.0,2,bbtec.net
108.21.66.1,108.21.66.1,108.21.0.0,1,verizon-gni.net
103.30.144.107,103.30.144.108,103.30.0.0,2,idwebhost.com
103.104.196.162,103.104.196.164,103.104.0.0,3,webserver.sg
107.182.230.64,107.182.230.121,107.182.0.0,58,setaptr.net
101.100.152.1,101.100.152.255,101.100.0.0,255,myrepublic.co.nz
106.170.59.1,106.170.59.254,106.170.0.0,254,au-net.ne.jp
111.190.150.24,111.190.150.30,111.190.0.0,7,bbtec.net
104.237.128.147,104.237.128.147,104.237.0.0,1,linuxnewmedia.com
104.156.60.228,104.156.60.228,104.156.0.0,1,webplace.com.br
101.178.193.85,101.178.193.85,101.178.0.0,1,telstra.net
109.190.192.153,109.190.192.153,109.190.0.0,1,transacom.fr
103.127.146.54,103.127.146.54,103.127.0.0,1,gatorcreative.in
109.231.129.17,109.231.129.18,109.231.0.0,2,techcomnet.cz
109.134.226.252,109.134.227.23,109.134.0.0,28,belgacom.be
103.152.79.227,103.152.79.227,103.152.0.0,1,cloudinhost.com
109.190.2.233,109.190.2.233,109.190.0.0,1,transacom.fr
108.175.8.245,108.175.8.245,108.175.0.0,1,mywebspace.zone
104.36.48.11,104.36.48.11,104.36.0.0,1,metisentry.net
107.211.155.1,107.211.155.8,107.211.0.0,8,sbcglobal.net
1.112.194.57,1.112.194.57,1.112.0.0,1,bbtec.net
103.7.112.16,103.7.112.18,103.7.0.0,3,citech.net
101.187.63.67,101.187.63.67,101.187.0.0,1,telstra.net
104.148.2.67,104.148.2.67,104.148.0.0,1,3tq.xyz
103.31.82.242,103.31.82.242,103.31.0.0,1,synergycorp.com.pk
1.113.169.95,1.113.169.99,1.113.0.0,5,bbtec.net
109.168.111.121,109.168.111.121,109.168.0.0,1,auroranetwork.it
101.187.30.224,101.187.30.224,101.187.0.0,1,telstra.net
104.6.73.0,104.6.119.255,104.6.0.0,12032,sbcglobal.net
106.75.87.16,106.75.87.16,106.75.0.0,1,sellerbulknewsexpress.live
1.115.105.32,1.115.105.37,1.115.0.0,6,bbtec.net
108.179.193.23,108.179.193.23,108.179.0.0,1,zerzar.com
106.131.84.1,106.131.84.254,106.131.0.0,254,au-net.ne.jp
107.20.144.124,107.20.144.126,107.20.0.0,3,amazonaws.com
109.230.199.119,109.230.199.119,109.230.0.0,1,groggy.tk
109.61.0.86,109.61.0.86,109.61.0.0,1,maverix.hu
1.113.73.163,1.113.73.171,1.113.0.0,9,bbtec.net
109.130.189.148,109.130.189.171,109.130.0.0,24,belgacom.be
103.135.107.111,103.135.107.112,103.135.0.0,2,kiamotorsindia.in
104.44.88.219,104.44.88.219,104.44.0.0,1,azure.com
113.11.14.194,113.11.14.194,113.11.0.0,1,113-11-14-194-smile.com.bd
103.246.77.115,103.246.77.115,103.246.0.0,1,wowapp.com
110.142.66.214,110.142.66.216,110.142.0.0,3,telstra.net
104.193.174.43,104.193.174.43,104.193.0.0,1,graphicalllycorrect.ca
110.50.247.60,110.50.247.61,110.50.0.0,2,purpose.ne.jp
1.244.193.150,1.244.193.150,1.244.0.0,1,buyeofmc.or.kr
107.218.215.0,107.218.255.255,107.218.0.0,12544,sbcglobal.net
110.50.92.230,110.50.92.230,110.50.0.0,1,jb-medi.net
107.21.120.151,107.21.120.167,107.21.0.0,17,amazonaws.com
104.131.133.252,104.131.133.252,104.131.0.0,1,mymx.us
103.234.178.174,103.234.178.174,103.234.0.0,1,saaszebra.jp
1.114.72.67,1.114.72.74,1.114.0.0,8,bbtec.net
1.115.125.111,1.115.125.112,1.115.0.0,2,bbtec.net
101.0.63.70,101.0.63.70,101.0.0.0,1,63-70.com
104.248.13.80,104.248.13.80,104.248.0.0,1,dealervenom.com
103.69.89.235,103.69.89.235,103.69.0.0,1,ximr.ac.in
109.170.250.82,109.170.250.131,109.170.0.0,50,murphx.net
111.190.80.187,111.190.80.189,111.190.0.0,3,bbtec.net
107.191.39.229,107.191.39.242,107.191.0.0,14,vultr.com
109.197.54.186,109.197.54.186,109.197.0.0,1,cdo-apt.ru
108.79.192.0,108.79.203.255,108.79.0.0,3072,sbcglobal.net
105.185.84.1,105.185.84.255,105.185.0.0,255,telkomsa.net
103.43.147.9,103.43.147.9,103.43.0.0,1,defence.gov.pg
103.235.105.67,103.235.105.68,103.235.0.0,2,dnsforindia.com
109.228.36.86,109.228.36.86,109.228.0.0,1,dev-unity.co.uk
109.117.190.34,109.117.190.36,109.117.0.0,3,vodafone.it
108.179.221.118,108.179.221.118,108.179.0.0,1,iitsat.com
103.230.235.53,103.230.235.53,103.230.0.0,1,aic.sg
104.248.91.41,104.248.91.41,104.248.0.0,1,cursusvoorbeleggers.com
105.187.215.1,105.187.215.255,105.187.0.0,255,telkomsa.net
109.122.64.25,109.122.64.25,109.122.0.0,1,vektor.net
108.96.15.117,108.96.15.224,108.96.0.0,108,spcsdns.net
1.114.128.27,1.114.128.29,1.114.0.0,3,bbtec.net
107.33.161.177,107.33.162.190,107.33.0.0,270,spcsdns.net
103.25.122.46,103.25.122.46,103.25.0.0,1,46-evonetbd.com
109.195.127.122,109.195.127.133,109.195.0.0,12,
109.168.104.134,109.168.104.134,109.168.0.0,1,kpnqwest.it
104.238.174.116,104.238.174.116,104.238.0.0,1,
109.144.60.11,109.144.60.11,109.144.0.0,1,bt.net
103.204.130.116,103.204.130.116,103.204.0.0,1,rongobuy.com
101.53.161.153,101.53.161.154,101.53.0.0,2,salesforce.com
104.236.13.83,104.236.13.83,104.236.0.0,1,tuflota.com
103.129.97.45,103.129.97.45,103.129.0.0,1,adworldlog.com
110.145.131.5,110.145.131.6,110.145.0.0,2,telstra.net
110.145.207.61,110.145.207.62,110.145.0.0,2,telstra.net
109.233.80.139,109.233.80.147,109.233.0.0,9,109.in-addr.arpa
104.248.92.196,104.248.92.196,104.248.0.0,1,murg.no
1.112.28.8,1.112.28.10,1.112.0.0,3,bbtec.net
111.188.208.65,111.188.208.69,111.188.0.0,5,bbtec.net
108.55.203.2,108.55.203.224,108.55.0.0,223,verizon.net
103.247.99.233,103.247.99.234,103.247.0.0,2,cloudhostdns.net
104.140.247.226,104.140.247.230,104.140.0.0,5,marketsoft1world.com
110.143.208.174,110.143.208.177,110.143.0.0,4,telstra.net
100.42.192.1,100.42.192.73,100.42.0.0,73,m9systems.net
107.170.213.179,107.170.213.179,107.170.0.0,1,colorfield.com
1.114.228.35,1.114.228.36,1.114.0.0,2,bbtec.net
104.232.83.209,104.232.83.209,104.232.0.0,1,104-232-83-209.in-addr.arpa
106.75.246.108,106.75.246.108,106.75.0.0,1,j-mac.live
103.73.190.194,103.73.190.254,103.73.0.0,61,serviceown.com
103.163.80.54,103.163.80.54,103.163.0.0,1,dataartasedaya.net.id
109.168.228.162,109.168.228.163,109.168.0.0,2,stavropol.ru
110.142.3.202,110.142.3.202,110.142.0.0,1,telstra.net
108.186.15.151,108.186.15.200,108.186.0.0,50,dehaoyingshi.com
103.147.32.1,103.147.32.12,103.147.0.0,12,verifikasi.id
111.118.209.39,111.118.209.63,111.118.0.0,25,
104.152.110.83,104.152.110.83,104.152.0.0,1,inmotionhosting.com
104.40.52.235,104.40.52.235,104.40.0.0,1,idamailserver.com
104.149.199.162,104.149.199.166,104.149.0.0,5,blueskyassociation.xyz
103.237.124.25,103.237.124.25,103.237.0.0,1,mtel.net.mo
113.10.242.131,113.10.242.131,113.10.0.0,1,wsztest.com
101.187.126.191,101.187.126.191,101.187.0.0,1,telstra.net
105.229.119.1,105.229.119.255,105.229.0.0,255,telkomsa.net
109.159.129.77,109.159.129.77,109.159.0.0,1,bt.net
109.74.114.214,109.74.114.214,109.74.0.0,1,artek-group.ru
104.244.76.130,104.244.76.130,104.244.0.0,1,as208624.net
107.204.235.0,107.204.235.255,107.204.0.0,256,sbcglobal.net
109.176.113.170,109.176.113.171,109.176.0.0,2,somersetft.nhs.uk
109.228.61.180,109.228.61.180,109.228.0.0,1,talkingtots.info
103.1.186.77,103.1.186.77,103.1.0.0,1,bnr.la
103.143.84.43,103.143.84.43,103.143.0.0,1,instaxs.net
104.8.221.24,104.8.221.24,104.8.0.0,1,hermanelectronics.com
104.161.44.211,104.161.46.49,104.161.0.0,351,ioflood.net
110.142.63.195,110.142.63.195,110.142.0.0,1,telstra.net
104.248.43.149,104.248.43.149,104.248.0.0,1,ekansio.com
107.178.111.61,107.178.111.136,107.178.0.0,76,ioflood.net
104.39.74.220,104.39.74.220,104.39.0.0,1,psu.edu
106.39.18.170,106.39.18.171,106.39.0.0,2,ckfil.com
108.3.92.2,108.3.92.254,108.3.0.0,253,verizon.net
109.120.167.0,109.120.167.0,109.120.0.0,1,datapoint.ru
103.6.212.133,103.6.212.133,103.6.0.0,1,hanekom.net.nz
109.144.90.83,109.144.90.83,109.144.0.0,1,bt.net
109.121.253.143,109.121.253.143,109.121.0.0,1,bulsat.com
109.75.181.51,109.75.181.51,109.75.0.0,1,lobster.de
104.117.245.129,104.117.245.129,104.117.0.0,1,akamai.com
107.155.199.104,107.155.199.104,107.155.0.0,1,armybro.com
101.187.141.116,101.187.141.118,101.187.0.0,3,telstra.net
106.169.149.1,106.169.149.254,106.169.0.0,254,au-net.ne.jp
109.165.227.1,109.165.227.254,109.165.0.0,254,teol.net
103.245.240.5,103.245.240.6,103.245.0.0,2,druknet.bt
111.188.224.89,111.188.224.90,111.188.0.0,2,bbtec.net
103.233.76.154,103.233.76.154,103.233.0.0,1,offertraker.com
108.20.118.2,108.20.118.254,108.20.0.0,253,verizon.net
107.48.30.14,107.48.30.46,107.48.0.0,33,spcsdns.net
109.75.214.234,109.75.214.234,109.75.0.0,1,singold-tech.de
107.180.239.130,107.180.239.141,107.180.0.0,12,dream.io
109.74.180.9,109.74.180.11,109.74.0.0,3,gigbone.net
109.252.167.1,109.252.167.255,109.252.0.0,255,spd-mgts.ru
103.12.159.72,103.12.159.73,103.12.0.0,2,adn.com.au
107.158.182.126,107.158.182.126,107.158.0.0,1,quickariannasfact.com
104.236.25.65,104.236.25.65,104.236.0.0,1,simisinc.com
108.35.145.2,108.35.145.254,108.35.0.0,253,verizon.net
109.69.132.210,109.69.132.210,109.69.0.0,1,doxal.it
104.37.191.254,104.37.191.254,104.37.0.0,1,imaemailmarketing.com
107.26.208.120,107.26.208.189,107.26.0.0,70,spcsdns.net
108.178.49.47,108.178.49.47,108.178.0.0,1,farna-team.com
1.113.6.114,1.113.6.114,1.113.0.0,1,bbtec.net
111.189.91.173,111.189.91.174,111.189.0.0,2,bbtec.net
103.118.217.128,103.118.217.191,103.118.0.0,64,sportcasualfigure.com
103.150.60.109,103.150.60.110,103.150.0.0,2,103.in-addr.arpa
1.113.91.189,1.113.91.199,1.113.0.0,11,bbtec.net
103.6.130.153,103.6.130.157,103.6.0.0,5,iptp.net
108.111.191.105,108.111.191.234,108.111.0.0,130,spcsdns.net
104.183.199.129,104.183.199.129,104.183.0.0,1,apbuck.com
103.67.245.37,103.67.245.41,103.67.0.0,5,lofiteck.com
102.141.188.6,102.141.188.6,102.141.0.0,1,102-141-188-6.in-addr.arpa
111.93.109.244,111.93.109.244,111.93.0.0,1,trivitron.com
109.231.152.37,109.231.152.38,109.231.0.0,2,techcomnet.cz
103.102.234.107,103.102.234.107,103.102.0.0,1,jjsdusm.in
1.33.174.27,1.33.174.27,1.33.0.0,1,octconsul.com
108.111.200.132,108.111.201.99,108.111.0.0,224,spcsdns.net
110.143.58.213,110.143.58.217,110.143.0.0,5,telstra.net
101.234.146.62,101.234.146.62,101.234.0.0,1,etherstack.com
108.103.59.15,108.103.59.69,108.103.0.0,55,spcsdns.net
1.112.211.190,1.112.211.195,1.112.0.0,6,bbtec.net
104.237.159.37,104.237.159.39,104.237.0.0,3,linode.com
103.22.190.226,103.22.190.231,103.22.0.0,6,
112.171.104.252,112.171.104.254,112.171.0.0,3,ascendas-amc.co.kr
110.74.110.1,110.74.110.254,110.74.0.0,254,scn-net.ne.jp
109.254.64.52,109.254.64.65,109.254.0.0,14,dec.net.ua
103.200.23.154,103.200.23.154,103.200.0.0,1,iunlock.vn
110.50.247.139,110.50.247.139,110.50.0.0,1,vill.izumizaki.fukushima.jp
109.168.244.224,109.168.244.224,109.168.0.0,1,stavropol.ru
109.117.143.105,109.117.143.105,109.117.0.0,1,vodafonedsl.it
1.114.218.116,1.114.218.116,1.114.0.0,1,bbtec.net
1.113.55.197,1.113.55.200,1.113.0.0,4,bbtec.net
109.144.69.221,109.144.69.221,109.144.0.0,1,bt.net
109.190.178.237,109.190.178.237,109.190.0.0,1,ovh.fr
107.175.124.246,107.175.124.246,107.175.0.0,1,toulangwx.com
103.225.160.145,103.225.160.145,103.225.0.0,1,jamesdale.com.au
107.23.6.201,107.23.7.106,107.23.0.0,162,amazonaws.com
111.190.37.83,111.190.37.84,111.190.0.0,2,bbtec.net
107.152.242.172,107.152.242.172,107.152.0.0,1,overprints.info
103.246.107.70,103.246.107.70,103.246.0.0,1,payment.gw
108.114.161.144,108.114.161.245,108.114.0.0,102,spcsdns.net
110.44.173.234,110.44.173.254,110.44.0.0,21,cakralintas.net.id
103.27.33.34,103.27.33.42,103.27.0.0,9,
103.5.85.130,103.5.85.130,103.5.0.0,1,85-130.com
103.84.249.45,103.84.249.45,103.84.0.0,1,indoaluminium.com
109.129.35.217,109.129.35.251,109.129.0.0,35,belgacom.be
108.12.189.12,108.12.189.12,108.12.0.0,1,3gwireless.tv
104.248.172.7,104.248.172.8,104.248.0.0,2,cloudwaysapps.com
1.112.234.87,1.112.234.87,1.112.0.0,1,bbtec.net
107.161.183.148,107.161.183.148,107.161.0.0,1,ohost.com.br
103.198.68.36,103.198.68.36,103.198.0.0,1,catarua.com
1.112.117.3,1.112.117.4,1.112.0.0,2,bbtec.net
108.61.200.151,108.61.200.151,108.61.0.0,1,
109.203.114.80,109.203.114.80,109.203.0.0,1,ifcreview.com
107.174.124.224,107.174.124.254,107.174.0.0,31,noperfectdate.com
103.204.7.213,103.204.7.213,103.204.0.0,1,be-innovation.com
103.5.86.107,103.5.86.107,103.5.0.0,1,86-107.com
103.157.27.223,103.157.27.223,103.157.0.0,1,daunbiru.com
108.44.106.2,108.44.106.254,108.44.0.0,253,verizon.net
109.254.49.69,109.254.49.69,109.254.0.0,1,dec.net.ua
109.26.254.99,109.26.254.105,109.26.0.0,7,sfr.net
103.93.54.159,103.93.54.159,103.93.0.0,1,mrizky.my.id
107.0.29.14,107.0.29.14,107.0.0.0,1,pcs.org
103.233.0.58,103.233.0.58,103.233.0.0,1,mschosting.org
109.235.79.14,109.235.79.18,109.235.0.0,5,cyso.net
104.131.10.161,104.131.10.161,104.131.0.0,1,gluu.org
106.50.240.80,106.50.240.239,106.50.0.0,160,cht-st.com
107.171.230.1,107.171.230.255,107.171.0.0,255,videotron.ca
109.26.161.91,109.26.161.106,109.26.0.0,16,sfr.net
103.30.44.80,103.30.44.80,103.30.0.0,1,asiawhere.com
101.100.196.172,101.100.196.179,101.100.0.0,8,livehostsupport.com
111.191.254.152,111.191.254.155,111.191.0.0,4,bbtec.net
107.60.139.89,107.60.139.130,107.60.0.0,42,spcsdns.net
113.11.119.43,113.11.119.43,113.11.0.0,1,113-11-119-43-smile.com.bd
109.254.55.246,109.254.55.246,109.254.0.0,1,dec.net.ua
109.228.9.22,109.228.9.23,109.228.0.0,2,steelco-orders.co.uk
106.75.241.29,106.75.241.29,106.75.0.0,1,securityemail.net
100.8.174.2,100.8.174.254,100.8.0.0,253,verizon.net
111.189.141.44,111.189.141.45,111.189.0.0,2,bbtec.net
112.213.36.222,112.213.36.222,112.213.0.0,1,hed-consulting.com.au
110.143.228.167,110.143.228.169,110.143.0.0,3,telstra.net
109.236.49.120,109.236.49.120,109.236.0.0,1,dripemail2.com
109.200.204.155,109.200.204.227,109.200.0.0,73,resetpbx.nl
103.251.245.203,103.251.245.203,103.251.0.0,1,103-251-245-203-tuhinenterprise.com
109.7.33.142,109.7.33.157,109.7.0.0,16,sfr.net
103.64.148.76,103.64.148.76,103.64.0.0,1,host-103-64-148-76-apnic.net
102.141.156.252,102.141.156.252,102.141.0.0,1,102-141-156-252.in-addr.arpa
109.3.74.178,109.3.74.178,109.3.0.0,1,gaoland.net
103.11.85.9,103.11.85.9,103.11.0.0,1,qainfotech.net
1.115.185.1,1.115.185.4,1.115.0.0,4,bbtec.net
107.220.64.128,107.220.64.200,107.220.0.0,73,sbcglobal.net
109.109.134.230,109.109.134.230,109.109.0.0,1,rs522-realsender.com
105.22.72.57,105.22.72.58,105.22.0.0,2,seacomnet.com
109.204.114.80,109.204.114.91,109.204.0.0,12,mops2.co.uk
103.234.80.7,103.234.80.7,103.234.0.0,1,ibonmobile.tw
1.112.33.27,1.112.33.27,1.112.0.0,1,bbtec.net
104.207.230.156,104.207.230.159,104.207.0.0,4,nexcess.net
104.223.40.128,104.223.40.161,104.223.0.0,34,quadranet.com
1.115.87.70,1.115.87.71,1.115.0.0,2,bbtec.net
108.169.131.246,108.169.131.246,108.169.0.0,1,chtrse.com
100.6.40.1,100.6.40.1,100.6.0.0,1,verizon-gni.net
107.20.191.245,107.20.191.245,107.20.0.0,1,zombiemisfits.com
111.191.18.144,111.191.18.144,111.191.0.0,1,bbtec.net
106.75.90.195,106.75.90.195,106.75.0.0,1,mailmarketingworldgroup.live
103.82.240.86,103.82.240.86,103.82.0.0,1,limaintisinergi.com
1.115.255.8,1.115.255.8,1.115.0.0,1,bbtec.net
109.123.95.244,109.123.95.244,109.123.0.0,1,tnw.at
100.41.229.179,100.41.229.181,100.41.0.0,3,verizon-gni.net
104.219.253.250,104.219.253.251,104.219.0.0,2,musl.com
107.129.219.50,107.129.219.50,107.129.0.0,1,hsc-lr.com
112.78.119.183,112.78.119.183,112.78.0.0,1,erp-fujisawatiansuo.com
104.131.3.135,104.131.3.135,104.131.0.0,1,cloudwaysapps.com
104.1.122.46,104.1.122.176,104.1.0.0,131,sbcglobal.net
110.142.58.177,110.142.58.179,110.142.0.0,3,telstra.net
1.113.30.221,1.113.30.222,1.113.0.0,2,bbtec.net
108.167.184.132,108.167.184.132,108.167.0.0,1,tdw.org
103.237.104.49,103.237.104.49,103.237.0.0,1,safetyculture.com
110.35.82.238,110.35.82.255,110.35.0.0,18,napinfo.net
110.142.208.227,110.142.208.227,110.142.0.0,1,telstra.net
105.29.69.105,105.29.69.105,105.29.0.0,1,masc-ex.co.za
109.0.130.178,109.0.130.178,109.0.0.0,1,convertel.fr
100.40.49.2,100.40.49.254,100.40.0.0,253,verizon.net
1.115.6.118,1.115.6.122,1.115.0.0,5,bbtec.net
109.200.17.73,109.200.17.74,109.200.0.0,2,redstation.co.uk
103.148.29.8,103.148.29.11,103.148.0.0,4,dewatanet.co.id
104.225.232.0,104.225.232.38,104.225.0.0,39,16clouds.com
101.187.253.152,101.187.253.154,101.187.0.0,3,telstra.net
1.112.53.103,1.112.53.111,1.112.0.0,9,bbtec.net
107.151.133.227,107.151.133.230,107.151.0.0,4,creepyvisitor.com
109.168.34.6,109.168.34.6,109.168.0.0,1,lattetrento.it
1.244.193.133,1.244.193.133,1.244.0.0,1,kcgenuine.com
108.161.137.107,108.161.137.107,108.161.0.0,1,xzwq.com
108.168.200.50,108.168.200.50,108.168.0.0,1,networklayer.com
109.203.115.15,109.203.115.15,109.203.0.0,1,whukhost.com
108.178.213.34,108.178.213.34,108.178.0.0,1,amiinvestment.com
104.245.209.103,104.245.209.103,104.245.0.0,1,
107.191.116.66,107.191.116.66,107.191.0.0,1,microbiff.org
103.236.193.106,103.236.193.106,103.236.0.0,1,103-106.in-addr.arpa
109.117.138.232,109.117.138.235,109.117.0.0,4,vodafone.it
1.114.249.46,1.114.249.58,1.114.0.0,13,bbtec.net
107.6.11.113,107.6.11.114,107.6.0.0,2,foresttrees.us
102.141.136.51,102.141.136.51,102.141.0.0,1,102-141-136-51.in-addr.arpa
107.51.78.142,107.51.79.192,107.51.0.0,307,spcsdns.net
104.161.79.156,104.161.79.156,104.161.0.0,1,pcstar1.com
109.237.211.31,109.237.211.31,109.237.0.0,1,mihos.net
109.237.220.234,109.237.220.234,109.237.0.0,1,office-extensions-dns.nl
109.159.135.143,109.159.135.143,109.159.0.0,1,bt.net
107.0.86.253,107.0.86.253,107.0.0.0,1,comcast.net
109.254.247.23,109.254.247.23,109.254.0.0,1,dec.net.ua
103.76.41.169,103.76.41.169,103.76.0.0,1,datamossa.cloud
104.238.166.201,104.238.166.201,104.238.0.0,1,vultr.com
108.21.181.1,108.21.181.1,108.21.0.0,1,verizon-gni.net
104.130.70.14,104.130.70.14,104.130.0.0,1,priceblink.com
1.112.139.4,1.112.139.5,1.112.0.0,2,bbtec.net
109.133.216.129,109.133.216.142,109.133.0.0,14,belgacom.be
107.14.18.197,107.14.18.197,107.14.0.0,1,rr.com
111.100.174.1,111.100.174.254,111.100.0.0,254,dion.ne.jp
109.236.64.134,109.236.64.134,109.236.0.0,1,nvdh.ru
104.193.110.83,104.193.110.83,104.193.0.0,1,theserversites.com
112.213.34.155,112.213.34.155,112.213.0.0,1,paulussujono.com
111.87.78.130,111.87.78.132,111.87.0.0,3,nichirenlibrary.org
104.152.108.108,104.152.108.108,104.152.0.0,1,inmotionhosting.com
103.19.36.1,103.19.36.254,103.19.0.0,254,nrbglobalbank.com
108.28.254.2,108.28.254.254,108.28.0.0,253,verizon.net
101.99.77.31,101.99.77.31,101.99.0.0,1,awedns.com
111.190.148.249,111.190.148.250,111.190.0.0,2,bbtec.net
104.37.188.59,104.37.188.59,104.37.0.0,1,vidamina.global
1.114.89.131,1.114.89.132,1.114.0.0,2,bbtec.net
104.144.247.251,104.144.247.254,104.144.0.0,4,hothouseweb.com
110.142.81.156,110.142.81.157,110.142.0.0,2,telstra.net
103.16.131.112,103.16.131.112,103.16.0.0,1,c0re.io
104.200.137.215,104.200.137.215,104.200.0.0,1,checkmail.ml
109.99.191.7,109.99.191.7,109.99.0.0,1,donalam.ro
108.163.141.89,108.163.141.89,108.163.0.0,1,canfone.com
102.141.184.92,102.141.184.92,102.141.0.0,1,102-141-184-92.in-addr.arpa
109.95.110.215,109.95.111.255,109.95.0.0,297,109.in-addr.arpa
109.67.198.1,109.67.198.254,109.67.0.0,254,bezeqint.net
104.248.15.119,104.248.15.119,104.248.0.0,1,wtbw.online
113.11.36.144,113.11.36.144,113.11.0.0,1,113-11-36-144-smile.com.bd
103.254.12.139,103.254.12.139,103.254.0.0,1,eureka.com.vn
104.232.21.243,104.232.21.243,104.232.0.0,1,asm.org
103.235.14.128,103.235.14.128,103.235.0.0,1,
103.53.197.176,103.53.197.176,103.53.0.0,1,dewaweb.com
103.5.85.106,103.5.85.106,103.5.0.0,1,85-106.com
104.140.224.143,104.140.224.143,104.140.0.0,1,classy-finances.com
104.131.227.140,104.131.227.140,104.131.0.0,1,amazingdiscoveries.org
111.190.254.108,111.190.254.109,111.190.0.0,2,bbtec.net
103.54.148.130,103.54.148.130,103.54.0.0,1,130-megaspeednet.com
101.100.238.136,101.100.238.136,101.100.0.0,1,101.in-addr.arpa
103.231.124.80,103.231.124.135,103.231.0.0,56,ctrls.in
108.167.187.47,108.167.187.47,108.167.0.0,1,jostojoo.co.uk
110.74.170.121,110.74.170.121,110.74.0.0,1,aims.my
109.168.249.130,109.168.249.130,109.168.0.0,1,stavropol.ru
108.61.245.177,108.61.245.195,108.61.0.0,19,vultr.com
109.195.236.103,109.195.238.19,109.195.0.0,429,ertelecom.ru
110.142.119.28,110.142.119.29,110.142.0.0,2,telstra.net
109.73.156.1,109.73.156.5,109.73.0.0,5,grazkom.at
109.237.221.229,109.237.221.229,109.237.0.0,1,chef99.nl
103.86.50.24,103.86.50.24,103.86.0.0,1,jaideawvps.com
107.191.100.116,107.191.100.116,107.191.0.0,1,eugenewebhosting.net
111.188.235.53,111.188.235.53,111.188.0.0,1,bbtec.net
106.140.200.1,106.140.200.254,106.140.0.0,254,au-net.ne.jp
104.219.249.90,104.219.249.90,104.219.0.0,1,sslcertificate.com
103.58.160.42,103.58.160.42,103.58.0.0,1,vnt.co.id
111.90.149.19,111.90.149.19,111.90.0.0,1,ip-asia.com
103.198.144.41,103.198.144.42,103.198.0.0,2,bgp.net
111.191.4.158,111.191.4.162,111.191.0.0,5,bbtec.net
104.233.137.252,104.233.137.252,104.233.0.0,1,yjei.cn
105.229.26.1,105.229.26.255,105.229.0.0,255,telkomsa.net
106.130.238.1,106.130.238.254,106.130.0.0,254,au-net.ne.jp
107.1.82.76,107.1.82.76,107.1.0.0,1,unitecelectronics.com
100.26.71.40,100.26.71.40,100.26.0.0,1,largotechnical.com
111.191.214.28,111.191.214.28,111.191.0.0,1,bbtec.net
104.131.176.176,104.131.176.176,104.131.0.0,1,apprabbit.com
109.203.99.41,109.203.99.41,109.203.0.0,1,devonhosting.co.uk
109.205.182.95,109.205.182.107,109.205.0.0,13,contaboserver.net
1.114.62.63,1.114.62.68,1.114.0.0,6,bbtec.net
100.7.83.1,100.7.83.1,100.7.0.0,1,verizon-gni.net
103.155.84.195,103.155.84.195,103.155.0.0,1,ukerob.com
111.65.231.58,111.65.231.58,111.65.0.0,1,isx.net.nz
108.161.193.235,108.161.193.236,108.161.0.0,2,mindstreamsonlineed.com
104.178.79.1,104.178.79.232,104.178.0.0,232,sbcglobal.net
109.200.25.63,109.200.25.64,109.200.0.0,2,redstation.net.uk
109.233.125.196,109.233.125.196,109.233.0.0,1,ccws.it
103.129.99.105,103.129.99.105,103.129.0.0,1,aismkparty.com
110.145.17.120,110.145.17.121,110.145.0.0,2,telstra.net
111.190.15.154,111.190.15.157,111.190.0.0,4,bbtec.net
101.178.135.23,101.178.135.23,101.178.0.0,1,hamiltonisland.com.au
108.178.16.236,108.178.16.243,108.178.0.0,8,singlehop.net
104.223.244.173,104.223.244.173,104.223.0.0,1,nkojjh.rest
111.190.128.101,111.190.128.102,111.190.0.0,2,bbtec.net
1.113.99.220,1.113.99.224,1.113.0.0,5,bbtec.net
1.112.56.232,1.112.56.237,1.112.0.0,6,bbtec.net
111.189.243.197,111.189.243.200,111.189.0.0,4,bbtec.net
108.161.136.206,108.161.136.206,108.161.0.0,1,fullfamilytree.com
107.23.76.253,107.23.76.253,107.23.0.0,1,vida18.com
109.133.48.120,109.133.48.129,109.133.0.0,10,belgacom.be
103.8.18.12,103.8.18.22,103.8.0.0,11,ubernet.co.nz
104.220.246.92,104.220.246.93,104.220.0.0,2,lmce.net
104.44.234.10,104.44.234.25,104.44.0.0,16,msn.net
103.47.113.82,103.47.113.83,103.47.0.0,2,layerdns.com
109.189.109.1,109.189.109.1,109.189.0.0,1,telenor.net
109.95.158.172,109.95.158.173,109.95.0.0,2,dhosting.com
101.187.139.7,101.187.139.8,101.187.0.0,2,telstra.net
104.223.160.3,104.223.160.3,104.223.0.0,1,openiscsi.com
109.70.4.188,109.70.4.188,109.70.0.0,1,2space.net
104.238.129.186,104.238.129.186,104.238.0.0,1,worthhiggins.com
108.245.121.226,108.245.121.232,108.245.0.0,7,sbcglobal.net
109.169.21.176,109.169.21.176,109.169.0.0,1,baha-car-rent.com
104.161.66.223,104.161.66.223,104.161.0.0,1,pro-learners.com
111.188.151.24,111.188.151.25,111.188.0.0,2,bbtec.net
101.187.147.140,101.187.147.148,101.187.0.0,9,telstra.net
108.168.182.223,108.168.183.75,108.168.0.0,109,sl-reverse.com
104.168.152.227,104.168.152.227,104.168.0.0,1,osvrai.com
111.191.80.169,111.191.80.169,111.191.0.0,1,bbtec.net
103.6.207.185,103.6.207.187,103.6.0.0,3,aksimaya.co.id
104.206.110.88,104.206.110.103,104.206.0.0,16,digitalsfirstmedias.info
109.144.127.139,109.144.127.139,109.144.0.0,1,bt.net
1.115.24.232,1.115.24.232,1.115.0.0,1,bbtec.net
103.158.223.122,103.158.223.122,103.158.0.0,1,yuzuru.de
101.100.186.11,101.100.186.11,101.100.0.0,1,pantropic.com.sg
103.139.62.152,103.139.62.152,103.139.0.0,1,nayapay.com
1.33.174.214,1.33.174.214,1.33.0.0,1,dc-towa.com
108.167.152.198,108.167.152.198,108.167.0.0,1,expcinema.com
103.53.43.239,103.53.43.239,103.53.0.0,1,webhostbox.net
1.114.202.165,1.114.202.166,1.114.0.0,2,bbtec.net
103.253.145.87,103.253.145.87,103.253.0.0,1,pajakku.com
102.141.224.23,102.141.224.23,102.141.0.0,1,aerocom.network
101.187.126.214,101.187.126.215,101.187.0.0,2,telstra.net
107.62.102.123,107.62.102.139,107.62.0.0,17,spcsdns.net
101.187.99.134,101.187.99.135,101.187.0.0,2,telstra.net
113.11.103.173,113.11.103.173,113.11.0.0,1,113-11-103-173-smile.com.bd
109.68.126.129,109.68.126.132,109.68.0.0,4,as8226.net
109.131.142.243,109.131.143.13,109.131.0.0,27,belgacom.be
110.143.13.112,110.143.13.116,110.143.0.0,5,telstra.net
104.238.183.231,104.238.183.238,104.238.0.0,8,vultr.com
1.113.195.222,1.113.195.229,1.113.0.0,8,bbtec.net
1.112.98.251,1.112.99.2,1.112.0.0,8,bbtec.net
104.149.7.4,104.149.7.27,104.149.0.0,24,popularsunglasssale-plc.com
107.191.100.37,107.191.100.37,107.191.0.0,1,finanzierung-angebot.com
111.190.149.120,111.190.149.122,111.190.0.0,3,bbtec.net
103.214.228.1,103.214.228.2,103.214.0.0,2,anw.li
109.213.220.0,109.213.239.255,109.213.0.0,5120,wanadoo.fr
107.25.156.230,107.25.157.20,107.25.0.0,47,spcsdns.net
104.239.249.162,104.239.249.162,104.239.0.0,1,viamente.com
108.17.16.2,108.17.16.6,108.17.0.0,5,verizon.net
104.156.246.0,104.156.246.0,104.156.0.0,1,connect.cw
103.136.42.204,103.136.42.207,103.136.0.0,4,apeironglobal.co
106.172.158.1,106.172.158.254,106.172.0.0,254,dion.ne.jp
110.142.204.154,110.142.204.154,110.142.0.0,1,telstra.net
110.142.65.207,110.142.65.214,110.142.0.0,8,telstra.net
111.67.5.127,111.67.5.128,111.67.0.0,2,info-onscreen.com
110.145.156.201,110.145.156.201,110.145.0.0,1,telstra.net
111.189.150.195,111.189.150.196,111.189.0.0,2,bbtec.net
112.78.35.251,112.78.37.122,112.78.0.0,384,as55666.net
109.117.143.141,109.117.143.142,109.117.0.0,2,vodafonedsl.it
107.195.72.205,107.195.72.206,107.195.0.0,2,dmv.net
103.35.64.26,103.35.64.26,103.35.0.0,1,haorui.com.vn
111.223.113.10,111.223.113.10,111.223.0.0,1,cranes.com.sg
107.178.15.99,107.178.15.254,107.178.0.0,156,nxlink.com
109.90.112.154,109.90.112.154,109.90.0.0,1,xhurst.de
110.44.128.169,110.44.128.169,110.44.0.0,1,secure-server.jp
109.24.64.42,109.24.64.42,109.24.0.0,1,gaoland.net
104.130.111.140,104.130.111.140,104.130.0.0,1,smtp.com
107.189.8.2,107.189.8.2,107.189.0.0,1,mult1.com
101.0.75.152,101.0.75.152,101.0.0.0,1,digitalpacific.com.au
109.169.67.252,109.169.67.252,109.169.0.0,1,hughesserver.com
111.221.45.97,111.221.45.97,111.221.0.0,1,buildingcreativities.com
111.89.201.153,111.89.201.153,111.89.0.0,1,eco-thermal.com
109.123.87.185,109.123.87.190,109.123.0.0,6,applecherry.net
104.248.60.201,104.248.60.201,104.248.0.0,1,dragalabs.com
104.156.255.48,104.156.255.48,104.156.0.0,1,habitos.mx
103.231.43.242,103.231.43.242,103.231.0.0,1,easytripz.com
108.179.254.195,108.179.254.215,108.179.0.0,21,unifiedlayer.com
103.9.113.111,103.9.113.111,103.9.0.0,1,aamratechnologies.com
104.37.114.138,104.37.114.138,104.37.0.0,1,104-37-114-138-wavedirect.net
103.251.21.41,103.251.21.49,103.251.0.0,9,mailntw.info
103.30.1.1,103.30.1.254,103.30.0.0,254,dinustech.net.id
104.245.192.234,104.245.192.242,104.245.0.0,9,teklinks.net
109.248.198.100,109.248.198.100,109.248.0.0,1,100.com
1.115.203.62,1.115.203.63,1.115.0.0,2,bbtec.net
109.190.133.56,109.190.133.56,109.190.0.0,1,oryna.com
111.189.81.206,111.189.81.206,111.189.0.0,1,bbtec.net
107.175.124.152,107.175.124.153,107.175.0.0,2,oneworldinfo.com
103.77.78.94,103.77.78.94,103.77.0.0,1,rackh.co.id
104.251.106.55,104.251.106.55,104.251.0.0,1,srtconnect.com
110.164.195.10,110.164.195.10,110.164.0.0,1,x-tremeservice.co.th
109.230.219.223,109.230.219.223,109.230.0.0,1,xvps.de
104.10.19.82,104.10.19.254,104.10.0.0,173,sbcglobal.net
109.189.98.1,109.189.98.1,109.189.0.0,1,telenor.net
104.131.113.52,104.131.113.52,104.131.0.0,1,amzdatastudio.com
109.144.94.241,109.144.94.241,109.144.0.0,1,bt.net
110.145.157.245,110.145.157.246,110.145.0.0,2,telstra.net
108.61.252.220,108.61.252.224,108.61.0.0,5,vultr.com
111.189.88.3,111.189.88.5,111.189.0.0,3,bbtec.net
109.135.11.211,109.135.11.211,109.135.0.0,1,afscv.be
1.113.19.204,1.113.19.204,1.113.0.0,1,bbtec.net
109.239.58.181,109.239.58.181,109.239.0.0,1,netfinish.de
104.131.72.7,104.131.72.7,104.131.0.0,1,dkgamedev.com
102.141.160.72,102.141.160.72,102.141.0.0,1,102-141-160-72.in-addr.arpa
103.248.248.218,103.248.248.218,103.248.0.0,1,shimaindonesia.co.id
111.191.111.219,111.191.111.219,111.191.0.0,1,bbtec.net
108.186.104.160,108.186.104.160,108.186.0.0,1,caifuvip2.com
109.117.149.168,109.117.149.169,109.117.0.0,2,vodafone.it
1.112.51.95,1.112.51.98,1.112.0.0,4,bbtec.net
109.237.211.82,109.237.211.82,109.237.0.0,1,intelliblox.com
103.94.240.90,103.94.240.91,103.94.0.0,2,budcaffe.com
111.191.40.160,111.191.40.160,111.191.0.0,1,bbtec.net
110.145.10.213,110.145.10.213,110.145.0.0,1,telstra.net
112.175.68.63,112.175.68.63,112.175.0.0,1,coupang.com
113.11.36.156,113.11.36.156,113.11.0.0,1,113-11-36-156-smile.com.bd
107.151.158.35,107.151.158.37,107.151.0.0,3,successfulmitten.com
109.235.66.76,109.235.66.76,109.235.0.0,1,xyz.lt
107.172.42.130,107.172.42.130,107.172.0.0,1,jhcloos.com
109.117.151.179,109.117.151.179,109.117.0.0,1,vodafone.it
109.117.128.125,109.117.128.126,109.117.0.0,2,vodafonedsl.it
108.170.120.252,108.170.121.193,108.170.0.0,198,optonline.net
107.174.240.181,107.174.240.181,107.174.0.0,1,mowster.com
112.109.147.1,112.109.147.1,112.109.0.0,1,fj133165.com
109.231.167.225,109.231.167.226,109.231.0.0,2,techcomnet.cz
108.167.176.100,108.167.176.100,108.167.0.0,1,ideadinamica.it
109.26.76.150,109.26.76.150,109.26.0.0,1,gaoland.net
104.223.14.127,104.223.18.2,104.223.0.0,900,quadranet.com
1.114.224.250,1.114.224.253,1.114.0.0,4,bbtec.net
103.75.148.94,103.75.148.94,103.75.0.0,1,loopnet.com.np
109.188.128.135,109.188.128.135,109.188.0.0,1,initekgroup.com
101.0.62.222,101.0.62.222,101.0.0.0,1,62-222.com
109.120.143.247,109.120.144.21,109.120.0.0,31,datapoint.ru
110.50.115.224,110.50.115.224,110.50.0.0,1,haze-net.jp
111.190.165.3,111.190.165.8,111.190.0.0,6,bbtec.net
107.1.83.126,107.1.83.126,107.1.0.0,1,comcastbusiness.net
104.238.173.208,104.238.173.209,104.238.0.0,2,vultr.com
108.161.192.135,108.161.192.135,108.161.0.0,1,opportunityemails.com
110.142.45.110,110.142.45.110,110.142.0.0,1,gaingroup.com.au
107.152.238.84,107.152.238.84,107.152.0.0,1,haunchs.info
111.189.252.121,111.189.252.122,111.189.0.0,2,bbtec.net
100.42.32.165,100.42.32.166,100.42.0.0,2,kywimax.com
104.131.157.88,104.131.157.88,104.131.0.0,1,serverhub.com
109.64.181.1,109.64.181.254,109.64.0.0,254,bezeqint.net
103.246.17.221,103.246.17.221,103.246.0.0,1,packetlove.com
109.107.106.103,109.107.106.103,109.107.0.0,1,montealbo.com
103.84.155.221,103.84.155.221,103.84.0.0,1,178145.xyz
109.96.23.85,109.96.23.85,109.96.0.0,1,maroza.ro
1.115.97.11,1.115.97.13,1.115.0.0,3,bbtec.net
101.99.90.228,101.99.90.230,101.99.0.0,3,kamon.la
103.217.93.80,103.217.93.80,103.217.0.0,1,imedicimaging.com
111.191.242.225,111.191.242.227,111.191.0.0,3,bbtec.net
109.144.55.63,109.144.55.63,109.144.0.0,1,bt.net
108.174.199.24,108.174.199.24,108.174.0.0,1,hostwindsdns.com
1.115.109.242,1.115.109.242,1.115.0.0,1,bbtec.net
110.145.49.85,110.145.49.86,110.145.0.0,2,telstra.net
102.67.178.10,102.67.178.15,102.67.0.0,6,echosp.link
101.100.215.26,101.100.215.26,101.100.0.0,1,alliantzfp.com
107.7.244.1,107.7.244.254,107.7.0.0,254,earthlinkbusiness.net
108.195.134.113,108.195.134.113,108.195.0.0,1,eastvalebanners.com
107.20.231.41,107.20.231.43,107.20.0.0,3,amazonaws.com
109.192.14.14,109.192.14.14,109.192.0.0,1,convergo.de
103.14.178.16,103.14.178.17,103.14.0.0,2,integralepochpavilion.com
111.189.162.67,111.189.162.71,111.189.0.0,5,bbtec.net
111.90.145.95,111.90.145.95,111.90.0.0,1,go2.com.my
108.4.219.1,108.4.219.1,108.4.0.0,1,verizon-gni.net
104.237.141.55,104.237.141.55,104.237.0.0,1,cloudezapp.io
109.117.149.16,109.117.149.17,109.117.0.0,2,vodafone.it
107.26.100.41,107.26.100.69,107.26.0.0,29,spcsdns.net
1.112.240.81,1.112.240.81,1.112.0.0,1,bbtec.net
109.239.50.35,109.239.50.35,109.239.0.0,1,tu-regensburg.de
108.163.201.88,108.163.201.119,108.163.0.0,32,singlehop.net
101.178.211.162,101.178.211.162,101.178.0.0,1,telstra.net
111.87.254.233,111.87.254.234,111.87.0.0,2,kddi.ne.jp
104.248.223.192,104.248.223.192,104.248.0.0,1,
107.7.238.1,107.7.238.254,107.7.0.0,254,earthlinkbusiness.net
103.74.123.97,103.74.123.121,103.74.0.0,25,bkns.vn
108.45.70.2,108.45.70.254,108.45.0.0,253,verizon.net
102.141.160.13,102.141.160.13,102.141.0.0,1,102-141-160-13.in-addr.arpa
1.9.24.119,1.9.24.119,1.9.0.0,1,pmp.com.my
110.143.212.170,110.143.212.170,110.143.0.0,1,telstra.net
110.175.251.111,110.175.251.171,110.175.0.0,61,tpgi.com.au
109.124.132.96,109.124.132.106,109.124.0.0,11,a3fiber.se
107.189.6.62,107.189.6.62,107.189.0.0,1,keycars.gr
110.45.143.145,110.45.143.145,110.45.0.0,1,fk0357.com
110.143.27.27,110.143.27.27,110.143.0.0,1,telstra.net
104.39.129.47,104.39.129.47,104.39.0.0,1,psu.edu
111.189.160.92,111.189.160.92,111.189.0.0,1,bbtec.net
109.132.60.120,109.132.60.132,109.132.0.0,13,belgacom.be
111.221.47.8,111.221.47.8,111.221.0.0,1,ascenz.com
